geo,year,cmur_pct,cmur_status,cmur_sdg_pct,cmur_sdg_status,dmc_total_ths_t,dmc_total_status,dmc_pc_published_t,dmc_pc_status,rmc_total_ths_t,rmc_total_status,rmc_pc_published_t,rmc_pc_status,terr_ghg_total_raw,terr_total_status,terr_ghg_pc_published_raw,terr_pc_status,population,population_status,cfoot_total_raw,cfoot_total_status,cfoot_pc_published_raw,cfoot_pc_status,dmc_total_t,rmc_total_t,terr_ghg_total_t,terr_ghg_pc_published_t,cfoot_total_t,cfoot_pc_published_t,dmc_pc_common_t,rmc_pc_common_t,terr_ghg_pc_common_t,cfoot_pc_common_t,cprod_total_t,cprod_status,cprod_pc_common_t
AT,2010,6.8,,6.8,,155088.439,,18.544,,201353.909,,24.076,,85.3,,10.2,,8363404.0,,110653.797,,13230.713,,155088439.0,201353909.0,85300000.0,10.2,110653797.0,13.230713,18.543698116221577,24.07559278494737,10.199196403760956,13.230712877196893,82908668.0,,9.913268329498372
AT,2011,6.9,,6.9,,164551.718,,19.609,,217898.473,,25.966,,83.2,,9.9,,8391643.0,,113550.259,,13531.35,,164551718.0,217898473.0,83200000.0,9.9,113550259.0,13.53135,19.60899885755388,25.966127610528712,9.914625777097525,13.5313500586238,80379392.0,,9.578504709983491
AT,2012,7.9,,7.9,,156172.012,,18.526,,211873.855,,25.133,,80.4,,9.5,,8429991.0,,107664.915,,12771.652,,156172012.0,211873855.0,80400000.0,9.5,107664915.0,12.771652,18.525762601644534,25.133342965609334,9.537376730295442,12.7716524252517,76646066.0,,9.092069730560803
AT,2013,9.1,,9.1,,152939.119,,18.036,,202187.508,,23.843,,80.8,,9.5,,8479823.0,,106623.398,,12573.776,,152939119.0,202187508.0,80800000.0,9.5,106623398.0,12.573776,18.035649918636274,23.843364183426942,9.528500771773185,12.573776363020785,74998854.0,,8.844389086894855
AT,2014,9.9,,9.9,,156594.756,,18.323,,205811.311,,24.082,,77.1,,9.0,,8546356.0,,103783.928,,12143.647,,156594756.0,205811311.0,77100000.0,9.0,103783928.0,12.143647000000001,18.322985375287434,24.081761981363755,9.02138876498943,12.143646719139713,71521911.0,,8.368702520700051
AT,2015,11.2,,11.2,,151206.248,,17.495,,198684.306,,22.989,,79.3,,9.2,,8642699.0,,100242.415,,11598.508,,151206248.0,198684306.0,79300000.0,9.2,100242415.0,11.598508,17.495257904966955,22.98868744590087,9.175374498174703,11.598508174356182,72723608.0,,8.414455715743427
AT,2016,11.9,,11.9,,154237.942,,17.654,,211767.783,,24.239,,80.3,,9.2,,8736668.0,,100599.034,,11514.577,,154237942.0,211767783.0,80300000.0,9.2,100599034.0,11.514577,17.65409215504126,24.238964213816985,9.1911470139417,11.514576724215685,72594134.0,,8.309132726572647
AT,2017,12.0,,12.0,,154608.198,,17.574,,206783.152,,23.505,,82.7,,9.4,,8797566.0,,103108.433,,11720.109,,154608198.0,206783152.0,82700000.0,9.4,103108433.0,11.720109,17.57397421059416,23.50458660952359,9.400327317805857,11.720109061983734,75651746.0,,8.599167769812697
AT,2018,11.8,,11.8,,155101.729,,17.544,,201020.335,,22.739,,79.7,,9.0,,8840521.0,,105775.519,,11964.851,,155101729.0,201020335.0,79700000.0,9.0,105775519.0,11.964851000000001,17.544410448207746,22.73851676841218,9.015305772137186,11.96485127969268,72453600.0,,8.19562557455607
AT,2019,11.5,,11.5,,157770.394,,17.767,,193698.928,,21.813,,80.8,,9.1,,8879920.0,,102830.578,,11580.124,,157770394.0,193698928.0,80800000.0,9.1,102830578.0,11.580124,17.767096325192117,21.81313885710682,9.099181073703367,11.580124370489823,75855720.0,,8.542387769259182
AT,2020,11.4,,11.4,,159261.305,,17.861,,195084.348,,21.878,,74.8,,8.4,,8916864.0,,94880.663,,10640.587,,159261305.0,195084348.0,74800000.0,8.4,94880663.0,10.640587,17.86068566258272,21.878134285775808,8.388599399968419,10.640586533561574,69285601.0,,7.770175815174483
AT,2021,11.2,,11.2,,165852.223,,18.519,,219936.636,,24.558,,78.1,,8.7,,8955797.0,,105218.917,,11748.694,,165852223.0,219936636.0,78100000.0,8.7,105218917.0,11.748694,18.51897971782969,24.55801934769178,8.72060856225303,11.748693834842394,72863754.0,,8.135931843921876
AT,2022,12.2,,12.2,,158129.576,,17.489,,220028.338,,24.334,,73.5,,8.1,,9041851.0,,108455.509,,11994.835,,158129576.0,220028338.0,73500000.0,8.1,108455509.0,11.994835,17.488628821687065,24.334435283218006,8.128866534075822,11.994834796547742,72670358.0,,8.037110764156587
AT,2023,14.2,,14.2,,148022.611,,16.21,,191770.103,,21.0,,68.7,,7.5,,9131761.0,,96037.282,,10516.841,,148022611.0,191770103.0,68700000.0,7.5,96037282.0,10.516841000000001,16.20964576273952,21.000341883673915,7.523192952596985,10.516841384701154,68812761.0,,7.535541173274246
BE,2010,13.5,,13.5,,150556.859,,13.818,,149237.362,,13.697,,133.0,,12.2,,10895586.0,,154010.874,,14135.162,,150556859.0,149237362.0,133000000.0,12.2,154010874.0,14.135162000000001,13.81815158909305,13.697047776962156,12.206778047550632,14.135162073889372,136261766.0,,12.506143864129934
BE,2011,14.4,,14.4,,161721.839,,14.651,,171722.529,,15.557,,122.5,,11.1,,11038264.0,b,150649.726,,13647.955,,161721839.0,171722529.0,122500000.0,11.1,150649726.0,13.647955,14.65102112071246,15.557023187704154,11.097759575237555,13.647954605905422,125934377.0,,11.408893373088377
BE,2012,17.3,,17.3,,149501.724,,13.46,,156599.882,,14.099,,119.8,,10.8,,11106932.0,b,144455.543,,13005.891,,149501724.0,156599882.0,119800000.0,10.8,144455543.0,13.005891,13.460217817125377,14.099292405859693,10.786056851703062,13.00589064558962,122642199.0,,11.04195100861336
BE,2013,17.2,,17.2,,148254.523,,13.271,,149641.051,,13.396,,119.9,,10.7,,11170983.0,,144317.505,,12932.363,,148254523.0,149641051.0,119900000.0,10.7,144317505.0,12.932363,13.27139455856302,13.395513268617453,10.733164664201889,12.918962010773805,122062785.0,,10.926772066522705
BE,2014,17.9,,17.9,,147405.323,,13.151,,162891.431,,14.532,,114.1,,10.2,,11209057.0,b,140455.074,,12530.499,,147405323.0,162891431.0,114100000.0,10.2,140455074.0,12.530499,13.150555216197045,14.53212620829745,10.179268425524109,12.530498685125787,116179150.0,,10.364756821202711
BE,2015,18.0,,18.0,,146293.103,,12.976,,164285.641,,14.572,,118.4,,10.5,,11274196.0,,135970.242,,12060.305,,146293103.0,164285641.0,118400000.0,10.5,135970242.0,12.060305000000001,12.975923338568888,14.571827649616877,10.501857516048151,12.060304965427246,119693718.0,,10.616607871638918
BE,2016,18.0,,18.0,,146273.396,,12.909,,159231.927,,14.052,,117.0,,10.3,,11331422.0,,136188.215,,12018.634,,146273396.0,159231927.0,117000000.0,10.3,136188215.0,12.018634,12.908653124029799,14.052245781685652,10.325270738306278,12.018634113176617,119220670.0,,10.521245259421104
BE,2017,18.9,,18.9,,149724.11,,13.162,,153429.04,,13.488,,116.4,,10.2,,11375158.0,,136547.159,,12003.979,,149724110.0,153429040.0,116400000.0,10.2,136547159.0,12.003979,13.162376294025982,13.48807990183521,10.232824897904715,12.003979109564895,118781879.0,,10.44221794545623
BE,2018,20.6,,20.6,,144196.475,,12.619,,171234.928,,14.985,,117.2,,10.3,,11427054.0,,142853.542,,12501.345,,144196475.0,171234928.0,117200000.0,10.3,142853542.0,12.501344999999999,12.61886703257025,14.985045839461334,10.25636178843646,12.501344791054633,119843843.0,,10.487728770687529
BE,2019,20.5,,20.5,,150311.631,,13.083,,148121.417,,12.892,,116.1,,10.1,,11488980.0,,135262.062,,11773.2,,150311631.0,148121417.0,116100000.0,10.1,135262062.0,11.773200000000001,13.083113644553302,12.89247757416237,10.105335721708977,11.77320023187437,119364833.0,,10.389506553236231
BE,2020,22.9,,22.9,,138222.85,,11.979,,150696.346,,13.06,,106.7,,9.3,,11538604.0,,122253.006,,10595.13,,138222850.0,150696346.0,106700000.0,9.3,122253006.0,10.59513,11.979165763900035,13.060188736869728,9.247219161000759,10.595129705465236,108514253.0,,9.404452479693385
BE,2021,21.3,,21.3,,135544.986,,11.699,,157759.8,i,13.616,i,109.5,,9.5,,11586195.0,,127936.891,,11042.184,,135544986.0,157759800.0,109500000.0,9.5,127936891.0,11.042183999999999,11.698835208625438,13.616187195192209,9.450902561194594,11.042183477837202,110425636.0,,9.530793845606777
BE,2022,17.8,,17.8,,152018.538,,13.015,,137564.5,i,11.778,i,102.6,,8.8,,11680210.0,,131171.392,,11230.226,,152018538.0,137564500.0,102600000.0,8.8,131171392.0,11.230226,13.015051784171689,11.777570779977415,8.784088642241878,11.23022548395962,105461997.0,,9.029118226470244
BE,2023,21.8,,21.8,,149763.201,,12.713,,118722.9,i,10.078,i,97.8,,8.3,,11779946.0,,121935.183,,10351.082,,149763201.0,118722900.0,97800000.0,8.3,121935183.0,10.351082,12.713403015599562,10.078390851706791,8.302245188560287,10.351081660306422,101324590.0,,8.601447748572022
BG,2010,2.1,,2.1,,120746.218,e,16.327,e,95216.68,i,12.875,i,59.6,,8.1,,7395599.0,,49682.84,,6717.893,,120746218.0,95216680.0,59600000.0,8.1,49682840.0,6.717893,16.326766499914342,12.874775930928651,8.05884688988681,6.717892627764161,60565196.0,,8.18935639966418
BG,2011,1.8,,1.8,,133714.029,e,18.197,e,99082.85,i,13.484,i,65.0,,8.9,,7348328.0,,50927.406,,6930.475,,133714029.00000001,99082850.0,65000000.0,8.9,50927406.0,6.930475,18.19652429777223,13.483727182564524,8.845549627071629,6.930475340785006,65916801.99999999,,8.970312974597757
BG,2012,1.8,,1.8,,128521.334,e,17.591,e,97532.06,i,13.35,i,59.9,,8.2,,7305888.0,,48647.549,,6658.677,,128521334.0,97532060.0,59900000.0,8.2,48647549.0,6.658677,17.5914733431446,13.349788554108686,8.198866448541231,6.658677083470209,60849455.0,,8.328823956786636
BG,2013,2.5,,2.5,,124083.676,e,17.33,e,99585.42,i,13.909,i,54.5,,7.6,,7160005.0,,42899.574,,5991.556,,124083676.0,99585420.0,54500000.0,7.6,42899574.0,5.991556,17.33011024433642,13.908568499603003,7.611726528123933,5.991556430477353,55311319.0,,7.725039158492208
BG,2014,2.7,,2.7,,135992.555,,19.225,,104546.3,i,14.78,i,57.5,,8.1,,7073572.0,,45359.313,,6412.505,,135992555.0,104546300.0,57500000.0,8.1,45359313.0,6.412505,19.2254429586636,14.779845317189109,8.128849186804064,6.412504601635496,58557443.0,,8.278341268032614
BG,2015,3.1,,3.1,,152893.092,,21.891,,112286.5,i,16.077,i,60.7,,8.7,,6984225.0,,45720.952,,6546.317,,152893092.0,112286500.0,60700000.0,8.7,45720952.0,6.546317,21.89120367685749,16.077159598953354,8.691014393150278,6.546317164753426,61900461.0,,8.862896169582166
BG,2016,4.3,,4.3,,134878.557,e,19.564,e,103451.4,i,15.006,i,58.1,,8.4,,6894139.0,,43173.874,,6262.403,,134878557.0,103451400.0,58100000.0,8.4,43173874.0,6.262403,19.564235214868745,15.005702670050605,8.427448300650742,6.26240260023768,59544148.0,,8.636923044342447
BG,2017,3.4,,3.4,,139198.896,,20.46,,100789.3,i,14.814,i,60.0,,8.8,,6803468.0,,44815.334,,6587.131,,139198896.0,100789300.0,60000000.0,8.8,44815334.0,6.587131,20.459991286796676,14.814400538078521,8.819031705594853,6.587130857380383,61395025.0,,9.024077867346477
BG,2018,2.4,,2.4,,142793.183,,21.278,,116544.1,i,17.367,i,55.7,,8.3,,6710798.0,,44053.912,,6564.631,,142793183.0,116544100.0,55700000.0,8.3,44053912.0,6.564631,21.27812266141821,17.36665296735202,8.300056118512284,6.56463091274689,56977482.0,,8.4904182781243
BG,2019,4.0,,4.0,,143887.922,,21.746,,127732.7,i,19.305,i,54.2,,8.2,,6616726.0,,43683.567,,6601.991,,143887922.0,127732700.0,54200000.0,8.2,43683567.0,6.601991,21.746090438080707,19.304517067806646,8.191362314232144,6.60199122647666,55641132.0,,8.40916368608886
BG,2020,5.8,,5.8,,141607.256,,21.617,,139229.2,i,21.254,i,48.3,,7.4,,6550696.0,,41344.675,,6311.494,,141607256.0,139229200.0,48300000.0,7.4,41344675.0,6.311494,21.617131370468115,21.25410796043657,7.3732623220494435,6.311493465732497,49461019.0,,7.5504982981961
BG,2021,4.3,,4.3,,156983.105,,24.124,,140928.4,i,21.657,i,54.4,,8.4,,6507301.0,,46555.646,,7154.371,,156983105.0,140928400.0,54400000.0,8.4,46555646.0,7.154371,24.124149935587734,21.6569665365103,8.359840738886982,7.154371067205897,55893639.0,,8.589373535971365
BG,2022,3.0,,3.0,,162812.932,,25.183,,133875.6,i,20.707,i,58.7,,9.1,,6465097.0,,53042.873,,8204.498,,162812932.0,133875600.0,58700000.0,9.1,53042873.0,8.204498,25.18337033458276,20.707438728297504,9.079523478147351,8.20449762780048,60257592.0,,9.320446700180987
BG,2023,4.9,,4.9,,147384.541,,22.862,,125216.0,i,19.424,i,45.7,,7.1,,6446596.0,,43834.872,,6799.693,,147384541.0,125216000.0,45700000.0,7.1,43834872.0,6.799693,22.862382100569043,19.423584167520346,7.08901255794531,6.799692737066198,46924666.0,,7.278983513159503
CY,2010,2.0,,2.0,,23065.88,,27.809,,25549.686,,30.803,,9.4,,11.4,,829446.0,,16597.79,,20010.694,,23065880.0,25549686.0,9400000.0,11.4,16597790.0,20.010694,27.80877838943102,30.803314501486536,11.332865551223346,20.010693884833973,10065081.0,,12.134703163316237
CY,2011,1.9,,1.9,,22642.256,,26.61,,23879.497,,28.064,,9.2,,10.8,,850881.0,,14926.247,,17542.109,,22642256.0,23879497.0,9200000.0,10.8,14926247.0,17.542109,26.610367372170728,28.064437917875708,10.812322757236323,17.542108708503303,9578694.0,,11.25738381747859
CY,2012,2.0,,2.0,,16611.662,,19.228,,17313.929,,20.041,,8.6,,10.0,,863945.0,,13236.112,,15320.549,,16611662.0,17313929.0,8600000.0,10.0,13236112.0,15.320549000000002,19.227684632702314,20.040545405089443,9.954337371013201,15.32054934052515,8916150.0,,10.320275017506901
CY,2013,2.4,,2.4,,11991.426,,13.92,,12823.488,,14.886,,7.9,,9.2,,861443.0,,12164.51,,14096.343,,11991426.0,12823488.0,7900000.0,9.2,12164510.0,14.096343000000001,13.920161867935546,14.88605514235997,9.17065899891229,14.121085202387157,8103984.0,,9.407452379321674
CY,2014,2.2,,2.2,,11905.871,,13.837,,12640.718,,14.691,,8.3,,9.6,,860439.0,,12184.204,,14160.451,,11905871.0,12640718.0,8300000.000000001,9.6,12184204.0,14.160451,13.836972754605497,14.691010054170022,9.646238722326627,14.160450653677948,8371026.0,,9.728784957446141
CY,2015,2.4,,2.4,,11965.494,,13.876,,12718.778,,14.75,,8.3,,9.7,,862305.0,,11947.554,,13855.369,,11965494.0,12718778.0,8300000.000000001,9.7,11947554.0,13.855369000000001,13.876173743628994,14.749744000092775,9.625364575179317,13.85536903995686,8259145.0,,9.577985747502334
CY,2016,2.4,,2.4,,13309.424,,15.354,,14228.258,,16.414,,8.8,,10.1,,866821.0,,12645.347,,14588.187,,13309424.0,14228258.0,8800000.0,10.1,12645347.0,14.588187,15.354293446974635,16.414297761590916,10.152038310100933,14.588187180513623,8739333.0,,10.082050388719239
CY,2017,2.4,,2.4,,15779.146,,18.049,,16932.299,,19.368,,8.9,,10.2,,874240.0,,13673.465,,15640.402,,15779146.0,16932299.0,8900000.0,10.2,13673465.0,15.640402,18.04898654831625,19.368021367130307,10.180270863836018,15.640401949121523,9009944.0,,10.3060303806735
CY,2018,2.8,,2.8,,15713.658,,17.768,,16455.839,,18.607,,8.8,,10.0,,884398.0,,13824.283,,15631.292,,15713658.0,16455839.0,8800000.0,10.0,13824283.0,15.631292,17.767631767597845,18.606825207655376,9.950271257963044,15.631291567823537,9017190.0,,10.19585073688543
CY,2019,3.2,,3.2,,16925.775,,18.884,,17824.544,,19.887,,8.9,,9.9,,896312.0,,13941.412,,15554.195,,16925775.0,17824544.0,8900000.0,9.9,13941412.0,15.554195,18.883798275600462,19.88653950856398,9.929578093342498,15.554195414096878,8862115.0,,9.88731044546988
CY,2020,3.8,,3.8,,16255.251,,17.893,,17340.801,,19.088,,8.5,,9.4,,908453.0,,12733.325,,14016.493,,16255251.0,17340801.0,8500000.0,9.4,12733325.0,14.016493,17.893331850959818,19.08827534280805,9.356565502012762,14.01649287304902,8545650.0,,9.406815762620631
CY,2021,5.8,,5.8,,17961.092,,19.478,,18469.911,,20.03,,8.7,,9.4,,922120.0,,12618.975,,13684.743,,17961092.0,18469911.0,8700000.0,9.4,12618975.0,13.684743000000001,19.478041903439898,20.02983451177721,9.434780722682515,13.684742766668112,8600654.0,,9.327044202489915
CY,2022,8.3,,8.3,,17785.915,,18.933,,18868.334,,20.085,,8.7,,9.3,,939424.0,,13555.007,,14429.062,,17785915.0,18868334.0,8700000.0,9.3,13555007.0,14.429062,18.93278753789556,20.085003150866914,9.26099397077358,14.42906185066594,8772640.0,,9.338317948019212
CY,2023,5.4,,5.4,,18580.9,,19.401,,20249.813,,21.144,,8.8,,9.2,,957725.0,,14137.068,,14761.093,,18580900.0,20249813.0,8800000.0,9.2,14137068.0,14.761093,19.40108068600068,21.143661280639016,9.188441358427523,14.76109321569344,8942998.0,,9.337751442219844
CZ,2010,5.3,,5.3,,167823.505,,16.022,,175300.969,,16.736,,138.9,,13.3,,10474410.0,,126450.99,,12072.374,,167823505.0,175300969.0,138900000.0,13.3,126450990.0,12.072374,16.02223943878462,16.73611869308152,13.260890112187703,12.072373527482693,130833577.0,,12.49078248798739
CZ,2011,5.4,,5.4,,177149.891,,16.878,,177559.729,,16.917,,135.7,,12.9,,10496088.0,,124353.266,,11847.582,,177149891.0,177559729.0,135700000.0,12.9,124353266.0,11.847582000000001,16.877706341638905,16.916753079814118,12.92862636060216,11.847582261124336,126714946.0,,12.07258799659454
CZ,2012,6.3,,6.3,,157548.253,,14.989,,156553.29,,14.895,,132.1,,12.6,,10510785.0,,114767.883,,10919.059,,157548253.0,156553290.0,132100000.0,12.6,114767883.0,10.919058999999999,14.989199474634864,14.894538324206993,12.568043205145953,10.91905913782843,122874646.0,,11.690339589288525
CZ,2013,6.7,,6.7,,155107.226,,14.752,,158760.617,,15.1,,127.8,,12.2,,10514272.0,,113160.263,,10762.539,,155107226.0,158760617.0,127800000.0,12.2,113160263.0,10.762539,14.752065192911122,15.099534898849868,12.154907158574554,10.762539051681372,118908723.0,,11.309268297415171
CZ,2014,6.8,,6.8,,160383.691,,15.238,,167770.08,,15.94,,125.1,,11.9,,10525347.0,,109891.53,,10440.656,,160383691.0,167770080.0,125100000.0,11.9,109891530.0,10.440656,15.23785306080645,15.939624603350369,11.885593890633725,10.440656255798503,116768680.0,,11.094045640490522
CZ,2015,6.9,,6.9,,167182.529,,15.853,,179971.987,,17.065,,125.2,,11.9,,10546059.0,,109858.068,,10416.978,,167182529.0,179971987.0,125200000.0,11.9,109858068.0,10.416977999999999,15.852607025999001,17.06533094495299,11.871733317630785,10.416978323371792,115959549.0,,10.995533876683224
CZ,2016,7.5,,7.5,,164925.901,,15.609,,179828.521,,17.019,,127.6,,12.1,,10566332.0,,110601.158,,10467.318,,164925901.0,179828521.0,127600000.0,12.1,110601158.0,10.467317999999999,15.608623787327524,17.019011043756716,12.076092252259347,10.467318081619998,118852081.0,,11.248187261199062
CZ,2017,9.1,,9.1,,167395.139,,15.8,,185811.217,,17.539,,128.7,,12.2,,10594438.0,,113029.211,,10668.731,,167395139.0,185811217.0,128699999.99999999,12.2,113029211.0,10.668731,15.800284923088888,17.538562876105367,12.147883634790254,10.66873117762358,117553826.0,,11.095805742598145
CZ,2018,10.5,,10.5,,170100.546,,16.002,,184820.854,,17.387,,126.2,,11.9,,10629928.0,,114145.076,,10738.086,,170100546.0,184820854.0,126200000.0,11.9,114145076.0,10.738086,16.002041217964976,17.386839685085356,11.872140620331576,10.738085526073178,117316777.0,,11.036460171696366
CZ,2019,10.6,,10.6,,171661.486,,16.085,,180896.948,,16.951,,121.0,,11.3,,10671870.0,,110945.419,,10396.062,,171661486.0,180896948.0,121000000.0,11.3,110945419.0,10.396062,16.085417644705192,16.95082005309285,11.338219075007473,10.396061702400798,111623726.0,,10.459621978153782
CZ,2020,11.5,,11.5,,158964.415,,14.859,,166989.69,,15.61,,111.6,,10.4,,10697858.0,,101490.977,,9487.037,,158964415.0,166989690.0,111600000.0,10.4,101490977.0,9.487037,14.859462053057724,15.60963792938736,10.43199489093985,9.487037218104783,101982483.0,,9.532981555746954
CZ,2021,11.0,,11.0,,166710.198,,15.868,,186207.327,,17.724,,117.0,,11.1,,10505772.0,b,109734.684,,10445.18,,166710198.0,186207327.0,117000000.0,11.1,109734684.0,10.44518,15.868438606891527,17.724287848622645,11.136735120465207,10.445180420820098,108111403.0,,10.290667168486047
CZ,2022,11.3,,11.3,,168107.038,,15.752,,184144.779,,17.255,,114.6,,10.7,,10672118.0,,113170.672,,10604.331,,168107038.0,184144779.0,114600000.0,10.7,113170672.0,10.604331,15.751984563888817,17.254754773138753,10.738262076937305,10.604331024076009,107070521.0,,10.032733989635421
CZ,2023,13.6,,13.6,,151241.458,,13.921,,161815.666,,14.895,,102.2,,9.4,,10864042.0,,101211.531,,9316.195,,151241458.0,161815666.0,102200000.0,9.4,101211531.0,9.316195,13.921288043621333,14.894609759424714,9.407180126880952,9.31619474593342,94837485.0,,8.729484385277598
DE,2010,11.2,,11.2,,1228488.461,,15.022,,1156275.801,,14.139,,933.2,,11.4,,81776930.0,,1155763.56,,14133.125,,1228488461.0,1156275801.0,933200000.0,11.4,1155763560.0,14.133125,15.022433111636742,14.139388712684617,11.411531345087178,14.133124831171823,990421885.0,,12.11126273632429
DE,2011,10.6,,10.6,,1310845.684,,16.329,,1248101.143,,15.548,,907.6,,11.3,,80274983.0,b,1172525.93,,14606.368,,1310845684.0,1248101143.0,907600000.0,11.3,1172525930.0,14.606368000000002,16.329442062915167,15.54782195344719,11.306137554709915,14.60636783940521,961280331.0,,11.97484315879581
DE,2012,11.0,,11.0,,1265273.998,,15.732,,1180001.116,,14.672,,916.9,,11.4,,80425823.0,,1128473.946,,14031.239,,1265273998.0,1180001116.0,916900000.0,11.4,1128473946.0,14.031239,15.732185892583281,14.67191844589517,11.40056720339685,14.031239021327764,977812153.0,,12.157937793188639
DE,2013,11.1,,11.1,,1266719.759,,15.707,,1181600.178,,14.652,,936.6,,11.6,,80645605.0,,1140227.691,,14138.746,,1266719759.0,1181600178.0,936600000.0,11.6,1140227691.0,14.138746,15.707238590373276,14.651761593207715,11.613776101003893,14.138745577021835,991848317.0,,12.298851462519254
DE,2014,11.2,,11.2,,1289396.972,,15.922,,1187169.92,,14.66,,895.2,,11.1,,80982500.0,,1105848.086,,13655.396,,1289396972.0,1187169920.0,895200000.0,11.1,1105848086.0,13.655396000000001,15.921921057018492,14.659585959929615,11.054240113604791,13.655395745994506,952792841.0,,11.765416491217238
DE,2015,11.7,,11.7,,1247936.946,,15.277,,1144193.644,,14.007,,898.6,,11.0,,81686611.0,,1062772.609,,13010.365,,1247936946.0,1144193644.0,898600000.0,11.0,1062772608.9999999,13.010365,15.27712963878499,14.007113650485513,11.00057878518182,13.010364807520292,962432404.0,,11.782009220580838
DE,2016,11.8,,11.8,,1263752.918,,15.346,,1187834.765,,14.424,,899.0,,10.9,,82348669.0,,1049143.113,,12740.256,,1263752918.0,1187834765.0,899000000.0,10.9,1049143112.9999999,12.740256,15.346367261867949,14.424456149983431,10.916994906135034,12.740255862544663,956700420.0,,11.61767921227725
DE,2017,11.7,,11.7,,1278595.336,,15.469,,1221090.097,,14.773,,886.3,,10.7,,82657002.0,,1060096.743,,12825.25,,1278595336.0,1221090097.0,886300000.0,10.7,1060096743.0,12.82525,15.46868752873471,14.772978301342214,10.722624563615312,12.825250339953051,946702430.0,,11.453384554160335
DE,2018,12.1,,12.1,,1231279.499,,14.852,,1247393.622,,15.046,,850.1,,10.3,,82905782.0,,1073039.542,,12942.879,,1231279499.0,1247393622.0,850100000.0,10.3,1073039541.9999999,12.942879000000001,14.851551596244517,15.045918293129423,10.25380835319785,12.942879448383948,897786752.0,,10.829000467060307
DE,2019,12.5,,12.5,,1190459.454,,14.327,,1229693.369,,14.799,,798.0,,9.6,,83092962.0,,1021510.554,,12293.587,,1190459454.0,1229693369.0,798000000.0,9.6,1021510554.0,12.293587,14.326838583513247,14.799007514017854,9.603701454282012,12.293586958664442,843864168.0,,10.155663580749474
DE,2020,12.9,,12.9,,1156673.8,,13.909,,1144662.888,,13.764,,731.0,,8.8,,83160871.0,,945168.387,,11365.542,,1156673800.0,1144662888.0,731000000.0,8.8,945168387.0,11.365542,13.908870675488716,13.764440826984604,8.790191723701403,11.365542179085642,756236575.0,,9.0936586630989
DE,2021,12.3,,12.3,,1187254.565,,14.271,,1320687.145,,15.874,,762.8,,9.2,,83196078.0,,992859.451,,11933.969,,1187254565.0,1320687145.0,762800000.0,9.2,992859451.0,11.933969,14.270559304490291,15.87439187938643,9.168701438065385,11.933969423414407,793490630.0,,9.537596591993195
DE,2022,12.6,,12.6,,1140606.31,,13.713,,1317869.691,,15.844,,749.3,,9.0,,83177813.0,b,1002899.87,,12057.3,,1140606310.0,1317869691.0,749300000.0,9.0,1002899870.0,12.0573,13.712867276277148,15.84400507140047,9.008411894647915,12.057300304349189,786316611.0,,9.453441760965752
DE,2023,14.5,,14.5,,1025468.708,,12.312,,1188733.149,,14.273,,669.6,,8.0,,83287273.0,b,903262.363,,10845.143,,1025468708.0,1188733149.0,669600000.0,8.0,903262363.0,10.845143,12.31242987148829,14.272686644452868,8.039643704026664,10.845142726668454,710349136.0,,8.52890376180284
DK,2010,8.0,,8.0,,117714.909,,21.219,,102252.634,,18.432,,65.2,,11.8,,5547683.0,,75012.445,,13521.401,,117714909.0,102252634.0,65200000.0,11.8,75012445.0,13.521401000000001,21.21875186451713,18.431592792883084,11.752654216183585,13.521400736127136,104312371.0,,18.802871577197184
DK,2011,7.0,,7.0,,131190.549,,23.551,,128946.538,,23.148,,59.9,,10.8,,5570572.0,,71749.55,,12880.105,,131190549.0,128946538.0,59900000.0,10.8,71749550.0,12.880105,23.55064237568422,23.14780923754329,10.752935246147075,12.880104592490682,103309093.0,,18.545508971071552
DK,2012,6.4,,6.4,,131710.229,,23.555,,131505.218,,23.518,,55.4,,9.9,,5591572.0,,66652.24,,11920.126,,131710228.99999999,131505218.0,55400000.0,9.9,66652240.00000001,11.920126,23.55513422701165,23.51846994011702,9.907768334200114,11.920125503167984,96022725.0,,17.17276018264631
DK,2013,7.7,,7.7,,124379.918,,22.152,,121311.342,,21.605,,57.2,,10.2,,5614932.0,,68761.171,,12246.127,,124379918.0,121311342.0,57200000.0,10.2,68761171.0,12.246127000000001,22.151633893340115,21.605131103991997,10.187122479844813,12.246127112492191,94071309.0,,16.753775290600135
DK,2014,9.0,,9.0,,124988.09,,22.147,,116144.508,,20.58,,53.0,,9.4,,5643475.0,,68601.628,,12155.92,,124988090.0,116144508.0,53000000.0,9.4,68601628.0,12.15592,22.14736310517899,20.58031762345009,9.391376766974249,12.155919535392643,88461976.0,,15.675089550321388
DK,2015,8.3,,8.3,,130085.704,,22.888,,130974.259,,23.045,,50.3,,8.9,,5683483.0,,64392.559,,11329.771,,130085704.0,130974259.0,50300000.0,8.9,64392559.0,11.329771000000001,22.888377426307073,23.0447172974741,8.850206818600496,11.329770670555362,91980919.0,,16.183899731907353
DK,2016,7.8,,7.8,,137512.737,,24.007,,138622.571,,24.201,,52.3,,9.1,,5728010.0,,66896.928,,11678.913,,137512737.0,138622571.0,52300000.0,9.1,66896928.0,11.678913000000001,24.00706999464037,24.20082559213409,9.130570651936711,11.678912571730846,97428957.0,,17.009215591453227
DK,2017,7.9,,7.9,,139808.2,,24.251,,140937.677,,24.447,,50.0,,8.7,,5764980.0,,66703.664,,11570.494,,139808200.0,140937677.0,50000000.0,8.7,66703664.00000001,11.570494,24.25128968357219,24.44721005103227,8.673056975045881,11.570493566326338,96488412.0,,16.736989894154014
DK,2018,8.0,,8.0,,140548.227,,24.259,,140450.711,,24.242,,49.8,,8.6,,5793636.0,,68987.15,,11907.402,,140548227.0,140450711.0,49800000.0,8.6,68987150.0,11.907402000000001,24.259070987545645,24.24223941580037,8.595638386671169,11.90740150054301,97198388.0,,16.776750903922856
DK,2019,7.6,,7.6,,141637.694,,24.36,,147398.11,,25.35,,45.9,,7.9,,5814422.0,,62949.554,,10826.451,,141637694.0,147398110.0,45900000.0,7.9,62949554.0,10.826450999999999,24.359720364294162,25.350432080781204,7.894163856699771,10.826450849284761,93634665.0,,16.10386466616974
DK,2020,7.5,,7.5,,139475.606,,23.918,,141575.554,,24.278,,43.2,,7.4,,5831404.0,,60438.256,,10364.272,,139475606.0,141575554.0,43200000.0,7.4,60438256.0,10.364272000000001,23.91801459819968,24.278124787786954,7.408164483201644,10.36427179457983,82241152.0,,14.103147715370088
DK,2021,8.4,,8.4,,145719.822,,24.881,,146888.478,,25.08,,44.2,,7.6,,5856733.0,,64108.388,,10946.101,,145719822.0,146888478.0,44200000.0,7.6,64108388.0,10.946101,24.880735044605927,25.080275641727223,7.54686956021386,10.94610049664207,90207697.0,,15.402391913717084
DK,2022,9.1,,9.1,,148932.486,,25.23,,152901.002,,25.902,,42.5,,7.2,,5903037.0,,63760.44,,10801.294,,148932486.0,152901002.0,42500000.0,7.2,63760440.0,10.801294,25.229807300885966,25.902091076169775,7.199683823767325,10.801294316806755,85470840.0,,14.479129980042476
DK,2023,9.3,,9.3,,129947.286,,21.851,,135402.251,,22.768,,39.1,,6.6,,5946952.0,,56460.123,,9493.96,,129947286.0,135402251.0,39100000.0,6.6,56460123.0,9.49396,21.851073625615275,22.768344355226006,6.574796635318395,9.493959762917205,81204365.0,,13.654787359978691
EE,2010,9.0,,9.0,,32523.395,,24.427,,31159.915,,23.403,,21.1,,15.9,,1331475.0,,18157.666,,13637.256,,32523395.0,31159915.0,21100000.0,15.9,18157666.0,13.637255999999999,24.426590810942752,23.402553559022888,15.847086877335286,13.637256426143939,22613545.0,,16.983829963010947
EE,2011,14.5,,14.5,,35028.965,,26.388,,34165.049,,25.738,,21.1,,15.9,,1327439.0,,17625.187,,13277.587,,35028965.0,34165049.0,21100000.0,15.9,17625187.0,13.277587,26.3883801816882,25.737566095315866,15.89526901047807,13.277587143364027,22304457.0,,16.802622945385814
EE,2012,19.2,,19.2,,35546.518,,26.874,,35069.644,,26.514,,20.0,,15.1,,1322696.0,,17900.567,,13533.395,,35546518.0,35069644.0,20000000.0,15.1,17900567.0,13.533395,26.874291598371812,26.51375977548885,15.12063240532972,13.53339467269879,21043173.0,,15.90930417873797
EE,2013,14.7,,14.7,,37572.724,,28.507,,34888.665,,26.471,,21.8,,16.6,,1317997.0,,18673.944,,14168.427,,37572724.0,34888665.0,21800000.0,16.6,18673944.0,14.168427,28.507442733177694,26.47097451663395,16.540250091616294,14.168426787010896,22962851.0,,17.422536621858775
EE,2014,11.3,,11.3,,35727.064,,27.178,,31785.133,,24.18,,21.0,,16.0,,1314545.0,,19564.251,,14882.907,,35727064.0,31785133.0,21000000.0,16.0,19564251.0,14.882907,27.17827385140866,24.179570117417054,15.975109258336534,14.882907013453325,22091550.0,,16.805472616000213
EE,2015,11.4,,11.4,,35446.658,,26.964,,34388.319,,26.159,,17.9,,13.6,,1314608.0,,18171.219,,13814.142,,35446658.0,34388319.0,17900000.0,13.6,18171219.0,13.814142,26.963671299733456,26.158610779791392,13.616226281903046,13.822537973296983,19140519.0,,14.55986803670752
EE,2016,11.9,,11.9,,34279.877,,26.053,,32469.933,,24.677,,19.5,,14.8,,1315790.0,,19451.984,,14783.502,,34279877.0,32469933.0,19500000.0,14.8,19451984.0,14.783502,26.05269609892156,24.677139209144315,14.819994072002372,14.783501926599229,20814116.0,,15.818721832511267
EE,2017,12.5,,12.5,,40762.48,,30.942,,38579.993,,29.285,,20.8,,15.8,,1317384.0,,19276.051,,14632.067,,40762480.0,38579993.0,20800000.0,15.8,19276051.0,14.632067,30.94198806118793,29.285305575291638,15.788866420117445,14.632067035883235,22070064.0,,16.752946749011677
EE,2018,13.8,,13.8,,42210.449,,31.93,,41460.663,,31.363,,19.9,,15.1,,1321977.0,,19691.082,,14895.178,,42210449.0,41460663.0,19900000.0,15.1,19691082.0,14.895178,31.929790760353622,31.362620529706643,15.053211969648489,14.895177450137181,21204565.0,,16.040040787396453
EE,2019,15.2,,15.2,,38126.644,,28.735,,37927.726,,28.585,,14.5,,10.9,,1326855.0,,16048.89,,12095.044,,38126644.0,37927726.0,14500000.0,10.9,16048890.0,12.095044,28.73459722426339,28.584680315482853,10.92809689076802,12.09543620063986,16051231.0,,12.097200523041327
EE,2020,16.3,,16.3,,36433.559,,27.404,,37081.307,,27.892,,11.3,,8.5,,1329479.0,,13553.352,,10194.154,,36433559.0,37081307.0,11300000.0,8.5,13553352.0,10.194154000000001,27.40438848601595,27.891607915581968,8.49957013236012,10.194483703766663,12349496.0,,9.288974101885024
EE,2021,19.9,,19.9,,34970.007,,26.275,,36036.715,,27.076,,12.6,,9.4,,1330932.0,,15204.393,,11423.869,,34970007.0,36036715.0,12600000.0,9.4,15204393.0,11.423869000000002,26.274826212007827,27.07630066750217,9.467050157333357,11.42386913831811,13531368.0,,10.166836472486949
EE,2022,21.8,,21.8,,36029.898,,26.712,,33696.629,,24.982,,14.2,,10.5,,1348840.0,,16177.337,,11993.518,,36029898.0,33696629.0,14200000.0,10.5,16177337.0,11.993518,26.711765665312416,24.9819318822099,10.527564425728775,11.993518134100412,15123660.0,,11.212345422733609
EE,2023,20.5,,20.5,,33098.308,,24.154,,31456.94,i,22.956,i,10.9,,8.0,,1370286.0,,12810.391,,9348.699,,33098307.999999996,31456940.0,10900000.0,8.0,12810391.0,9.348699,24.15430647324719,22.95647769881616,7.954543795966681,9.348698738803431,11802357.0,,8.613061069003113
EL,2010,2.5,,2.5,,189393.65,,17.03,,200785.4,i,18.054,i,119.2,,10.7,,11121341.0,,156894.585,,14107.524,,189393650.0,200785400.0,119200000.0,10.7,156894585.0,14.107524,17.029749380043288,18.0540638039963,10.718131923119703,14.107523993734208,129627809.0,,11.65577145777654
EL,2011,2.0,,2.0,,172615.69,,15.544,,178966.5,i,16.116,i,116.3,,10.5,,11104899.0,,145868.359,,13135.496,,172615690.0,178966500.0,116300000.0,10.5,145868359.0,13.135496,15.544102652351903,16.115995291807696,10.47285526865215,13.135496234589796,126162381.0,,11.360966092532674
EL,2012,1.8,,1.8,,159074.52,,14.402,,161732.4,i,14.643,i,113.0,,10.2,,11045011.0,,134657.111,,12191.668,,159074520.0,161732400.0,113000000.0,10.2,134657111.0,12.191668,14.402386742756526,14.64302751712968,10.230863509325614,12.191668346912465,122346053.0,,11.077042204847057
EL,2013,1.7,,1.7,,147669.204,,13.502,,149723.9,i,13.689,i,103.4,,9.5,,10937150.0,,122943.973,,11212.185,,147669204.0,149723900.0,103400000.0,9.5,122943973.0,11.212185,13.501616417439644,13.689480349085457,9.454016814252341,11.24095152759174,110244407.0,,10.079811193958207
EL,2014,1.3,,1.3,,151945.917,,13.996,,149472.0,i,13.768,i,99.9,,9.2,,10856168.0,,119133.89,,10937.328,,151945917.0,149472000.0,99900000.0,9.2,119133890.0,10.937327999999999,13.996275389253372,13.768394151601191,9.202142044964669,10.973843625117077,107177898.0,,9.872534949717064
EL,2015,1.8,,1.8,,144783.267,,13.435,,142544.9,i,13.227,i,96.1,,8.9,,10776728.0,,111630.465,,10316.207,,144783267.0,142544900.0,96100000.0,8.9,111630465.0,10.316207,13.434807577958727,13.227103811101106,8.917363414943756,10.358474761541721,105027090.0,,9.745730800666028
EL,2016,2.1,,2.1,,136709.662,,12.751,,139393.0,i,13.001,i,92.4,,8.6,,10721471.0,,108028.249,,10024.92,,136709662.0,139393000.0,92400000.0,8.6,108028249.0,10.02492,12.75101728111749,13.001294318662056,8.618220391586192,10.075879419904227,102713933.0,,9.58020900303699
EL,2017,2.5,,2.5,,134726.274,,12.606,,130799.8,i,12.239,i,96.3,,9.0,,10687432.0,,111077.097,,10328.258,,134726274.0,130799800.0,96300000.0,9.0,111077097.0,10.328258,12.60604736479259,12.238655647118971,9.010583646286591,10.393244794446412,107875038.0,,10.09363502850825
EL,2018,3.0,,3.0,,131065.754,,12.305,,133853.3,i,12.567,i,93.0,,8.7,,10651275.0,,111923.044,,10428.051,,131065754.0,133853299.99999999,93000000.0,8.7,111923044.0,10.428051,12.30517041387064,12.566880490833256,8.731349063844469,10.507948015613154,106965658.0,,10.042521482169976
EL,2019,3.4,,3.4,,124273.551,,11.698,,132707.7,i,12.491,i,86.3,,8.1,,10623902.0,,104930.424,,9786.842,,124273551.0,132707700.00000001,86300000.0,8.1,104930424.0,9.786842,11.697543049625269,12.491427349386319,8.123192401435931,9.876825294510436,101085861.0,,9.514946674018642
EL,2020,4.2,,4.2,,109026.336,,10.301,,119882.4,i,11.327,i,75.8,,7.2,,10583968.0,,91920.625,,8591.838,,109026336.0,119882400.0,75800000.0,7.2,91920625.0,8.591838,10.301083298815719,11.326791615394152,7.161775243462565,8.684892565812746,89840526.0,,8.488359564201252
EL,2021,5.3,b,5.3,b,111105.714,e,10.573,e,116562.4,i,11.092,i,77.9,,7.4,,10508486.0,,99311.027,,9395.441,,111105714.0,116562400.0,77900000.0,7.4,99311027.0,9.395441000000002,10.572951612630021,11.092216328784184,7.4130564574192706,9.450555198912575,91000839.0,,8.65974784569347
EL,2022,6.3,,6.3,,112820.303,,10.815,,117087.4,i,11.224,i,77.6,,7.4,,10431748.0,,106896.426,,10241.275,,112820303.0,117087400.0,77600000.0,7.4,106896426.0,10.241275,10.81509091285564,11.224140000314424,7.438830002411868,10.247220887621134,87091078.0,,8.34865623671124
EL,2023,5.2,,5.2,,112116.503,,10.792,,114773.1,i,11.048,i,71.9,,6.9,,10388816.0,,94130.92,,9044.657,,112116503.0,114773100.0,71900000.0,6.9,94130920.0,9.044656999999999,10.792038573019292,11.047755586392135,6.9209041723330165,9.060793838296876,82000368.0,,7.893138929402542
ES,2010,10.4,,10.4,,587402.398,,12.611,,643210.8,i,13.81,i,357.4,,7.7,,46576897.0,,465230.286,,9988.435,,587402398.0,643210800.0,357400000.0,7.7,465230286.0,9.988434999999999,12.611454086346713,13.809653313744795,7.673332124293295,9.98843452366524,360518507.0,,7.740286069293109
ES,2011,9.9,,9.9,,518714.773,,11.097,,574625.8,i,12.293,i,355.8,,7.6,,46742697.0,,454080.291,,9714.465,,518714773.0,574625800.0,355800000.0,7.6,454080291.0,9.714465,11.09723670844239,12.293381359659243,7.611884269322329,9.71446493555988,361132544.0,,7.725967202962209
ES,2012,9.8,,9.8,,412818.594,,8.826,,438220.5,i,9.369,i,347.7,,7.4,,46773055.0,,415282.281,,8878.665,,412818594.0,438220500.0,347700000.0,7.4,415282281.0,8.878665000000002,8.825991674052508,9.369080125298636,7.4337671550425775,8.878664885156635,353881377.0,,7.5659239491626105
ES,2013,8.9,,8.9,,387286.034,,8.31,,410120.6,i,8.8,i,321.2,,6.9,,46604197.0,,375878.899,,8065.344,,387286034.0,410120600.0,321200000.0,6.9,375878899.0,8.065344,8.310110653767943,8.800078671026132,6.892083131482772,8.065344393767797,328273372.0,,7.043858560635644
ES,2014,7.8,,7.8,,388392.073,,8.36,,428384.5,i,9.22,i,320.9,,6.9,,46460733.0,,389211.195,,8377.207,,388392073.0,428384500.0,320900000.0,6.9,389211195.0,8.377207,8.359576957169402,9.220356037000105,6.906907818264512,8.377207372083433,330834919.0,,7.120742563402949
ES,2015,7.6,,7.6,,407868.046,,8.786,,443053.7,i,9.544,i,332.2,,7.2,,46422303.0,,390157.919,,8404.536,,407868046.0,443053700.0,332200000.0,7.2,390157919.0,8.404536,8.786036444594314,9.543983632177834,7.15604307696669,8.40453604811463,342744952.0,,7.38319578845539
ES,2016,8.3,,8.3,,397799.339,,8.563,,447682.7,i,9.636,i,321.0,,6.9,,46458139.0,,379335.288,,8165.099,,397799339.0,447682700.0,321000000.0,6.9,379335288.0,8.165099,8.56253279968877,9.636259859655592,6.9094459422922645,8.165098649345381,331226342.0,,7.129565435240529
ES,2017,8.9,,8.9,,407099.109,,8.741,,462380.6,i,9.928,i,334.2,,7.2,,46571232.0,,400654.249,,8603.042,,407099109.0,462380600.0,334200000.0,7.2,400654249.0,8.603042,8.741428807380487,9.92845969803848,7.176103908953922,8.603041658850684,343351039.0,,7.372599440787823
ES,2018,9.0,,9.0,,443448.519,,9.479,,511080.1,i,10.925,i,328.7,,7.0,,46782011.0,,409083.87,,8744.47,,443448519.0,511080100.0,328700000.0,7.0,409083870.0,8.74447,9.47903926148023,10.924714202645115,7.026205008587596,8.74446953552296,337656427.0,,7.2176552435935255
ES,2019,9.0,,9.0,,434468.78,,9.221,,475351.2,i,10.088,i,310.3,,6.6,,47118501.0,,385609.47,,8183.823,,434468780.0,475351200.0,310300000.0,6.6,385609470.0,8.183823,9.22076829226804,10.088419408758355,6.585523592951312,8.183822953111347,319675143.0,,6.784493059318674
ES,2020,9.4,,9.4,,423963.538,,8.952,,476153.9,i,10.054,i,271.7,,5.7,,47359424.0,,345707.867,,7299.664,,423963538.0,476153900.0,271700000.0,5.7,345707867.0,7.299664,8.9520416886827,10.054047532334852,5.736978557847325,7.299663674119009,273911158.0,,5.7836674280498
ES,2021,9.1,,9.1,,436859.713,,9.208,,492950.4,i,10.39,i,288.5,,6.1,,47443821.0,,385138.756,,8117.785,,436859713.0,492950400.0,288500000.0,6.1,385138756.0,8.117785,9.20793696190701,10.39019180179438,6.080876158773131,8.117785369774497,293311506.0,,6.1822909668257955
ES,2022,9.6,,9.6,,432278.844,,9.046,,479491.9,i,10.034,i,292.3,,6.1,,47786102.0,,408061.868,,8539.342,,432278844.0,479491900.0,292300000.0,6.1,408061868.0,8.539342000000001,9.046120648216924,10.034128751493478,6.116841252295489,8.53934200366458,302397646.0,,6.328150515394623
ES,2023,8.2,,8.2,,417632.862,,8.637,,452470.4,i,9.358,i,270.0,,5.6,,48352528.0,,382475.189,,7910.138,,417632862.0,452470400.0,270000000.0,5.6,382475189.0,7.910138,8.637249783506666,9.35774030263733,5.583989321096096,7.910138410963746,280455687.0,,5.800228004624701
FI,2010,10.5,,10.5,,246431.04,,45.947,,247868.2,i,46.215,i,75.8,,14.1,,5363352.0,,87917.759,,16392.316,,246431040.0,247868200.0,75800000.0,14.1,87917759.0,16.392316,45.94720615018369,46.215165441313566,14.1329526758639,16.392315663786377,80055087.0,,14.926316042653923
FI,2011,10.8,,10.8,,250105.132,,46.417,,263614.6,i,48.924,i,68.0,,12.6,,5388272.0,,81003.583,,15033.314,,250105132.0,263614599.99999997,68000000.0,12.6,81003583.0,15.033314,46.41657510979401,48.923773707043736,12.620001365929559,15.033313648605713,71758502.0,,13.31753519495675
FI,2012,11.9,,11.9,,240371.067,,44.398,,251014.1,i,46.364,i,62.4,,11.5,,5413971.0,,76272.405,,14088.071,,240371067.0,251014100.0,62400000.0,11.5,76272405.0,14.088071,44.39829230706999,46.364138263762406,11.525735915467592,14.088070475442148,65930735.0,,12.177888466709556
FI,2013,8.5,,8.5,,244786.946,,45.006,,252637.6,i,46.45,i,62.9,,11.6,,5438972.0,,75406.715,,13864.148,,244786946.0,252637600.0,62900000.0,11.6,75406715.0,13.864148,45.00610519782047,46.44951288589094,11.564685385400034,13.864148408927274,66505384.99999999,,12.227565245785415
FI,2014,5.6,,5.6,,227019.438,,41.567,,248098.8,i,45.427,i,58.8,,10.8,,5461512.0,,72355.059,,13248.174,,227019438.0,248098800.0,58800000.0,10.8,72355059.0,13.248174,41.56714074783686,45.42676094092625,10.766249346334861,13.248173582700176,62131933.0,,11.376324541628765
FI,2015,5.2,,5.2,,207760.444,,37.916,,215869.0,i,39.396,i,55.2,,10.1,,5479531.0,,67428.122,,12305.455,,207760444.0,215869000.0,55200000.0,10.1,67428122.0,12.305455,37.91573475905146,39.39552490897487,10.073854860936091,12.30545497415746,58745608.0,,10.720918998359531
FI,2016,4.0,,4.0,,229242.883,,41.716,,236579.8,i,43.051,i,58.0,,10.6,,5495303.0,,71932.183,,13089.757,,229242883.0,236579800.0,58000000.0,10.6,71932183.0,13.089757,41.71614977372494,43.05127487965632,10.554468061178792,13.089757380075312,62010119.0,,11.284203800955106
FI,2017,4.4,,4.4,,233010.038,,42.302,,237179.1,i,43.059,i,55.2,,10.0,,5508214.0,,69602.991,,12636.218,,233010038.0,237179100.0,55200000.0,10.0,69602991.0,12.636218000000001,42.30228491485625,43.059165820354835,10.021397135260177,12.63621765603152,58902831.0,,10.693635178299173
FI,2018,4.7,,4.7,,241340.797,,43.757,,242159.8,i,43.905,i,56.2,,10.2,,5515525.0,,73836.974,,13387.116,,241340797.0,242159800.0,56200000.0,10.2,73836974.0,13.387116,43.7566318709461,43.905122359158916,10.189419864836076,13.387116185675888,60177239.0,,10.91051876294641
FI,2019,5.1,,5.1,,217125.016,,39.323,,220068.0,i,39.856,i,52.8,,9.6,,5521606.0,,67774.21,,12274.366,,217125016.0,220068000.0,52800000.0,9.6,67774210.0,12.274366,39.32280137336855,39.85579557831544,9.56243527698282,12.274365465409883,57042521.0,,10.330784376864267
FI,2020,4.8,,4.8,,229061.585,,41.425,,246666.7,i,44.609,i,47.8,,8.7,,5529543.0,,59630.412,,10783.968,,229061585.0,246666700.0,47800000.0,8.7,59630412.0,10.783968000000002,41.42504814593177,44.60887635741326,8.644475682710127,10.783967499664982,49303550.0,,8.916387846156544
FI,2021,5.5,,5.5,,230618.384,,41.62,,240974.0,i,43.489,i,48.0,,8.7,,5541017.0,,62776.168,,11329.359,,230618384.0,240974000.0,48000000.0,8.7,62776168.0,11.329359,41.62022675620739,43.48912843977919,8.6626696868102,11.329358491410511,49326390.0,,8.902046321099538
FI,2022,5.8,,5.8,,251131.376,,45.199,,257540.3,i,46.353,i,45.8,,8.2,,5556106.0,,60761.37,,10935.963,,251131376.0,257540300.0,45800000.0,8.2,60761370.0,10.935963,45.19916934630117,46.352661378310636,8.243183265402063,10.935963064779541,48432420.0,,8.716971922421926
FI,2023,2.6,,2.6,,222813.447,,39.903,,213400.7,i,38.217,i,41.2,,7.4,,5583911.0,,52526.528,,9406.763,,222813447.0,213400700.0,41200000.0,7.4,52526528.0,9.406763000000002,39.90275758334973,38.21706685511284,7.378341094619882,9.406763109225773,44531286.0,,7.9749276089823065
FR,2010,17.6,,17.6,,773391.098,,11.932,,901878.888,,13.914,,513.1,,7.9,,64818789.0,,699870.856,,10797.345,,773391098.0,901878888.0,513100000.0,7.9,699870856.0,10.797345,11.931588200452186,13.913849701820254,7.915914627778683,10.797345442538274,547557855.0,,8.447517509159265
FR,2011,17.2,,17.2,,787435.067,,12.091,,952991.978,,14.633,,488.0,,7.5,,65127852.0,,700506.414,,10755.866,,787435067.0,952991978.0,488000000.0,7.5,700506414.0,10.755866000000001,12.090603986140984,14.632633331742616,7.492954012977428,10.755865462905179,522907299.0,,8.028935132084504
FR,2012,17.1,,17.1,,774049.011,,11.829,,915313.391,,13.987,,490.7,,7.5,,65438667.0,,677355.418,,10350.997,,774049011.0,915313391.0,490700000.0,7.5,677355418.0,10.350997,11.828618254097382,13.987347740442207,7.498624628157539,10.350996575159455,525526047.0,,8.030818338643726
FR,2013,17.6,,17.6,,774908.601,,11.782,,918041.464,,13.958,,490.2,,7.5,,65771309.0,,674198.838,,10250.653,,774908601.0,918041464.0,490200000.0,7.5,674198838.0,10.250653,11.781863745482092,13.958084124492641,7.453097824159164,10.250652575578206,522305693.0,,7.9412391351371765
FR,2014,18.1,,18.1,,770574.005,,11.62,,909178.268,,13.711,,457.4,,6.9,,66312067.0,b,643907.747,,9710.265,,770574005.0,909178268.0,457400000.0,6.9,643907747.0,9.710265,11.620419025695579,13.71060063623111,6.897688772090304,9.710265056283044,487664282.0,,7.3540805476626145
FR,2015,19.1,,19.1,,727696.092,,10.935,,853768.765,,12.829,,460.8,,6.9,,66548272.0,,623842.331,,9374.283,,727696092.0,853768765.0,460800000.0,6.9,623842331.0,9.374283,10.934860818023946,12.829315312650042,6.924296997523842,9.374282941561578,489847845.0,,7.360789848908474
FR,2016,19.7,,19.7,,712245.128,,10.674,,877949.683,,13.158,,463.7,,7.0,,66724104.0,,620434.832,,9298.511,,712245128.0,877949683.0,463700000.0,7.0,620434832.0,9.298511000000001,10.674480214826115,13.157908916993476,6.949512577943347,9.298511254643449,490622044.0,,7.352995613099578
FR,2017,19.1,,19.1,,773711.056,,11.562,,948815.459,,14.179,,466.1,,7.0,,66918020.0,,629912.949,,9413.204,,773711056.0,948815459.0,466100000.0,7.0,629912949.0,9.413204,11.562073354830284,14.178773654689723,6.965238959550805,9.413203633341213,498233072.0,,7.445424595647032
FR,2018,19.8,,19.8,,759167.422,,11.304,,931233.565,,13.866,,446.5,,6.7,,67158348.0,,628609.95,,9360.116,,759167422.0,931233565.0,446500000.0,6.7,628609950.0,9.360116,11.304140804654695,13.866236927090583,6.648466099851056,9.36011633281986,480974401.0,,7.161796192485259
FR,2019,16.2,,16.2,,780883.53,,11.589,,938450.309,,13.927,,437.7,,6.5,,67382061.0,,609176.709,,9040.636,,780883530.0,938450309.0,437700000.0,6.5,609176709.0,9.040636000000001,11.588893518706707,13.92730194168445,6.495794184745996,9.040636334943807,470663515.0,,6.984997312563651
FR,2020,15.4,,15.4,,707943.151,,10.472,,850409.937,,12.58,,398.0,,5.9,,67601110.0,,553578.896,,8188.903,,707943151.0,850409937.0,398000000.0,5.9,553578896.0,8.188903,10.472359862138358,12.579822091678672,5.887477291423173,8.188902460329423,421970403.0,,6.242063229435138
FR,2021,15.4,,15.4,,784771.648,,11.556,,938512.499,,13.82,,422.4,,6.2,,67910136.0,,590292.247,,8700.881,,784771648.0,938512499.0,422400000.0,6.2,590292247.0,8.700880999999999,11.556031164478894,13.819917824932643,6.219984598469955,8.692255409413404,447215117.0,,6.58539569115279
FR,2022,16.7,,16.7,,730975.55,,10.708,,880764.279,,12.902,,405.8,,5.9,,68263853.0,,594675.326,,8721.567,,730975550.0,880764279.0,405800000.0,5.9,594675326.0,8.721566999999999,10.70809100095771,12.902352274197005,5.944580948280198,8.711423394164404,434120981.0,,6.359456167819886
FR,2023,16.9,,16.9,,735775.582,,10.733,,836315.914,,12.2,,378.2,,5.5,,68552653.0,p,553679.413,,8098.009,,735775582.0,836315914.0,378200000.0,5.5,553679413.0,8.098009,10.73299937786507,12.199614127260691,5.516927258818123,8.076702924976514,408223977.0,,5.954896844036073
HR,2010,1.6,,1.6,,44910.49,,10.453,,56341.342,,13.114,,28.1,,6.6,,4296352.0,,38315.464,,8918.139,,44910490.0,56341342.0,28100000.0,6.6,38315464.0,8.918139,10.453168176164336,13.113763025003538,6.540432441289727,8.918138923440164,28937608.0,,6.73539039631762
HR,2011,2.4,,2.4,,44747.609,,10.448,,57993.998,,13.541,,27.9,,6.5,,4282921.0,,36642.751,,8555.552,,44747609.0,57993998.0,27900000.0,6.5,36642751.0,8.555552,10.447918371597329,13.540758281555975,6.51424576825022,8.555551456587688,28588390.0,,6.674974859447559
HR,2012,3.5,,3.5,,41151.403,,9.639,,54114.482,,12.676,,26.1,,6.1,,4269062.0,,34143.881,,7997.982,,41151403.0,54114482.0,26100000.0,6.1,34143881.0,7.997982,9.639448431528987,12.67596535257628,6.1137551996199635,7.997981992297137,26759902.0,,6.268332949954814
HR,2013,3.9,,3.9,,42336.808,,10.002,,55158.034,,13.031,,24.9,,5.9,,4232718.0,,33426.472,,7897.165,,42336808.0,55158034.0,24900000.0,5.9,33426472.0,7.897165,10.002274661340538,13.031351013698526,5.88274484621938,7.897164894991823,25506976.0,,6.026145847656282
HR,2014,4.8,,4.8,,38902.128,,9.264,,49769.314,,11.852,,24.2,,5.8,,4199274.0,,31717.918,,7553.191,,38902128.0,49769314.0,24200000.0,5.8,31717918.0,7.553191,9.264012779351859,11.851885349705688,5.762900920492447,7.55319086108694,24769089.0,,5.89842172718427
HR,2015,4.6,,4.6,,41092.91,,9.888,,53966.922,,12.985,,24.6,,5.9,,4156015.0,,31264.807,,7522.785,,41092910.0,53966922.0,24600000.0,5.9,31264807.0,7.522785,9.88757499672162,12.985256790459129,5.919131668196577,7.522784927388376,25279391.0,,6.082603407350551
HR,2016,4.6,,4.6,,42095.207,,10.255,,56090.813,,13.664,,24.8,,6.0,,4104942.0,,31881.821,,7766.692,,42095207.0,56090813.0,24800000.0,6.0,31881821.0,7.766692,10.254762917478493,13.664215718516852,6.041498272082772,7.766692196869042,25462134.0,,6.202799942118549
HR,2017,5.1,,5.1,,41569.724,,10.273,,58851.544,,14.544,,25.7,,6.3,,4046555.0,,33892.871,,8375.735,,41569724.0,58851544.0,25700000.0,6.3,33892871.0,8.375735,10.272867661504662,14.543616483650908,6.351081351915394,8.375734668131287,26340163.0,,6.509280857420695
HR,2018,5.0,,5.0,,42627.92,,10.68,,58871.228,,14.749,,24.5,,6.2,,3991509.0,,33843.06,,8478.763,,42627920.0,58871228.0,24500000.0,6.2,33843060.0,8.478763,10.679650227520469,14.749115685321016,6.1380295021256375,8.478763294784002,25047932.0,,6.2753039013566045
HR,2019,5.4,,5.4,,43998.817,,11.136,,60516.844,,15.316,,24.7,,6.3,,3951094.0,,34079.827,,8625.415,,43998817.0,60516844.0,24700000.0,6.3,34079827.0,8.625415,11.135856803204378,15.316477917255321,6.251433147376398,8.625415391281503,25191467.0,,6.375820722058245
HR,2020,5.5,,5.5,,44708.457,,11.425,,57416.928,,14.672,,23.8,,6.1,,3913269.0,,31381.06,,8019.142,,44708457.0,57416928.0,23800000.0,6.1,31381060.0,8.019142,11.424836115278556,14.672369315781767,6.081871703683033,8.019142052335273,24148217.0,,6.1708553641469575
HR,2021,6.1,,6.1,,45022.91,,11.611,,60105.578,,15.5,,24.3,,6.3,,3877666.0,,35296.374,,9102.479,,45022910.0,60105578.0,24300000.0,6.3,35296374.0,9.102478999999999,11.61082723473347,15.500452591842619,6.266656282413184,9.102479171749192,24746928.0,,6.381913243688342
HR,2022,6.8,,6.8,,46207.525,,11.981,,56115.17,,14.55,,24.4,,6.3,,3856600.0,,38827.32,,10067.759,,46207525.0,56115170.0,24400000.0,6.3,38827320.0,10.067759,11.981414976922679,14.550425245034486,6.326816366747913,10.067759166104858,24937264.0,,6.466126640045636
HR,2023,6.1,,6.1,,48711.156,,12.631,,57455.562,,14.899,,25.3,,6.6,,3856431.0,,37244.507,,9657.766,,48711156.0,57455562.0,25300000.0,6.6,37244507.0,9.657766,12.631149371011695,14.898636070501455,6.560470030450435,9.657765690608752,25922577.0,,6.721908676701333
HU,2010,5.2,,5.2,,98969.047,,9.897,,92131.46,i,9.213,i,66.8,,6.7,,10000023.0,,78162.967,,7816.279,,98969047.0,92131460.0,66800000.0,6.7,78162967.0,7.816279000000001,9.896881937171544,9.213124809812937,6.679984636035337,7.8162787225589385,72241932.0,,7.224176584393856
HU,2011,5.4,,5.4,,99382.293,,9.966,,87571.82,i,8.782,i,65.2,,6.5,,9971727.0,,74222.4,,7443.284,,99382293.0,87571820.0,65200000.0,6.5,74222400.0,7.443284,9.966407323425521,8.78201138077687,6.538486262209144,7.443284397978404,71338640.0,,7.154090760808033
HU,2012,6.0,,6.0,,87051.685,,8.775,,76414.27,i,7.703,i,61.9,,6.2,,9920362.0,b,68025.132,,6857.122,,87051685.0,76414270.0,61900000.0,6.2,68025132.0,6.857122,8.775051253169995,7.702770322292674,6.239691656413345,6.857121947767632,66505637.0,,6.703952638018653
HU,2013,6.1,,6.1,,99702.418,,10.099,,89687.33,i,9.084,i,58.9,,6.0,,9872734.0,,67511.338,,6838.16,,99702418.0,89687330.0,58900000.0,6.0,67511338.0,6.83816,10.098764739331576,9.084345835712782,5.965925953236459,6.838160331271966,64099436.0,,6.492571966387426
HU,2014,5.3,,5.3,,128144.751,,13.032,,121189.8,i,12.325,i,59.2,,6.0,,9833038.0,,69053.586,,7022.61,,128144751.0,121189800.0,59200000.0,6.0,69053586.0,7.02261,13.032060996815023,12.32475660116436,6.020519802730346,7.022609492610524,65163007.0,,6.626945507583719
HU,2015,5.7,,5.7,,125966.643,,12.857,,122133.6,i,12.465,i,62.4,,6.4,,9797755.0,,66584.376,,6795.881,,125966643.0,122133600.0,62400000.0,6.4,66584376.00000001,6.7958810000000005,12.85668431186532,12.465467854625881,6.368805915232622,6.795880893122966,68682221.0,,7.009995759232599
HU,2016,6.3,,6.3,,120605.411,,12.357,,120514.4,i,12.348,i,63.1,,6.5,,9759755.0,,66365.34,,6799.898,,120605411.0,120514400.0,63100000.0,6.5,66365340.0,6.799898000000001,12.357421984465798,12.348096852841081,6.465326230012946,6.7998981531811,68964912.0,,7.0662544295425445
HU,2017,6.7,,6.7,,135149.753,,13.895,,133978.9,i,13.774,i,65.3,,6.7,,9726756.0,,69872.717,,7183.558,,135149753.0,133978900.0,65300000.0,6.7,69872717.0,7.1835580000000006,13.894637945066165,13.774263485174297,6.71344074016044,7.183558115367549,71347387.0,,7.335167757883513
HU,2018,6.9,,6.9,,154591.409,,15.926,,150340.0,i,15.488,i,65.3,,6.7,,9706964.0,,74621.696,,7687.439,,154591409.0,150340000.0,65300000.0,6.7,74621696.0,7.687439,15.925824902616307,15.487849754052863,6.727129100303658,7.687439244649512,71486585.0,,7.364463801452236
HU,2019,5.5,,5.5,,160507.259,,16.556,,157363.6,i,16.232,i,65.0,,6.7,,9694824.0,,74210.436,,7654.645,,160507259.0,157363600.0,65000000.0,6.7,74210436.0,7.654645,16.555974507634176,16.231712922276877,6.704608562259614,7.654644994071063,70450304.0,,7.266795560187581
HU,2020,5.1,,5.1,,138745.876,,14.347,,135385.3,i,14.0,i,63.0,,6.5,,9670419.0,,68556.775,,7089.328,,138745876.0,135385300.0,63000000.0,6.5,68556775.0,7.089328000000001,14.347452369954187,13.999941470995207,6.514712547615568,7.089328290739005,66527763.00000001,,6.8795119425538855
HU,2021,5.0,,5.0,,137630.613,,14.29,,136436.3,i,14.166,i,63.8,,6.6,,9630932.0,,73853.878,,7668.404,,137630613.0,136436300.0,63800000.0,6.6,73853878.0,7.668404000000001,14.290477079476835,14.16646903954882,6.624488678769614,7.668404054768531,68460826.0,,7.1084320811319195
HU,2022,4.9,,4.9,,130090.646,,13.489,,141049.3,i,14.625,i,59.6,,6.2,,9644437.0,,81310.835,,8465.404,,130090646.0,141049300.0,59600000.0,6.2,81310835.0,8.465404000000001,13.488671863375748,14.624938708190017,6.179728272370902,8.43085345469103,66347777.0,,6.8793831096620774
HU,2023,6.8,,6.8,,128151.382,,13.36,,141535.0,i,14.755,i,54.2,,5.7,,9592186.0,,68577.987,,7149.36,,128151382.0,141535000.0,54200000.0,5.7,68577987.0,7.14936,13.359976756080417,14.755239316668797,5.650432549994339,7.149359593318978,59630292.0,,6.2165487616691335
IE,2010,1.9,,1.9,,110319.735,,24.192,,72331.6,i,15.862,i,61.7,,13.5,,4560155.0,,65439.531,,14350.287,,110319735.0,72331600.0,61700000.0,13.5,65439531.0,14.350287,24.19210202284791,15.861653825363392,13.530241844849572,14.35028655824199,69535095.0,,15.248406030058188
IE,2011,2.2,,2.2,,94853.897,,20.71,,65537.4,i,14.309,i,57.8,,12.6,,4580084.0,,64055.289,,13985.615,,94853897.0,65537399.99999999,57800000.0,12.6,64055289.0,13.985615,20.710078024769853,14.309213542808383,12.6198558803725,13.98561445597941,66431952.99999999,,14.504527209544626
IE,2012,1.9,,1.9,,94547.183,,20.556,,68623.15,i,14.92,i,58.3,,12.7,,4599533.0,,62843.841,,13663.092,,94547183.0,68623150.0,58300000.0,12.7,62843841.0,13.663092,20.555822297611517,14.919590749756551,12.675199851811042,13.663091666045228,67227942.0,,14.616253867512201
IE,2013,1.9,,1.9,,102099.188,,22.081,,75639.51,i,16.359,i,57.9,,12.5,,4623816.0,,61687.998,,13341.361,,102099188.0,75639510.0,57900000.0,12.5,61687998.0,13.341361000000001,22.08115288324622,16.358676469824925,12.522124582812118,13.341360901904402,67284524.0,,14.551730432179827
IE,2014,2.2,,2.2,,99338.97,,21.328,,73180.77,i,15.712,i,58.0,,12.5,,4657740.0,,66687.593,,14317.586,,99338970.0,73180770.0,58000000.0,12.5,66687592.99999999,14.317586,21.32771902253024,15.71164770897474,12.452391073782564,14.317585996642146,70376072.0,,15.109489151391019
IE,2015,2.1,,2.1,,102210.885,,21.738,,67146.86,i,14.281,i,60.4,,12.8,,4701957.0,,67975.375,,14456.826,,102210885.0,67146860.0,60400000.0,12.8,67975375.0,14.456826,21.73794549801285,14.280619750457097,12.845715092673114,14.456826168337992,73062063.0,,15.538649757962482
IE,2016,2.0,,2.0,,109345.765,,22.959,,77935.85,i,16.364,i,62.7,,13.2,,4762722.0,,75353.573,,15821.535,,109345765.0,77935850.0,62700000.0,13.2,75353573.0,15.821535,22.958670482971712,16.363720158346425,13.164740667206694,15.821535038156751,78033667.0,,16.384258203607097
IE,2017,1.9,,1.9,,116233.135,,24.078,,81890.74,i,16.964,i,61.9,,12.8,,4827445.0,,79952.257,,16562.023,,116233135.0,81890740.0,61900000.0,12.8,79952257.0,16.562023,24.07756794743389,16.96357804180058,12.822517915791893,16.562023389184134,79968604.0,,16.56540965251805
IE,2018,1.9,,1.9,,124283.199,,25.374,,85896.76,i,17.537,i,61.6,,12.6,,4898022.0,,77572.538,,15837.523,,124283199.0,85896760.0,61600000.0,12.6,77572538.0,15.837523,25.374161038884676,17.537030254253654,12.576505372985258,15.83752339209583,80829430.0,,16.502463647570387
IE,2019,1.8,,1.8,,126843.595,,25.489,,106544.6,i,21.41,i,59.8,,12.0,,4976456.0,,104374.078,,20973.576,,126843595.0,106544600.0,59800000.0,12.0,104374078.0,20.973576,25.488740380704662,21.40973415619469,12.016583689276063,20.973575974548957,79412390.0,,15.957619237465376
IE,2020,1.8,,1.8,,119738.775,,23.759,,97218.41,i,19.29,i,57.6,,11.4,,5039747.0,,91856.778,,18226.466,,119738775.0,97218410.0,57600000.0,11.4,91856778.0,18.226466000000002,23.758886110751195,19.29033540770995,11.429145153516634,18.226466130145024,65856425.0,,13.067406955150725
IE,2021,2.0,,2.0,,120215.924,,23.523,,83025.05,i,16.246,i,60.2,,11.8,,5110585.0,,70795.198,,13852.66,,120215924.0,83025050.0,60200000.0,11.8,70795198.0,13.85266,23.522928197065504,16.245703769724994,11.779473387097562,13.852660311882104,68433185.0,,13.390479759166514
IE,2022,2.1,,2.1,,126390.584,,24.246,,92619.57,i,17.768,i,59.0,,11.3,,5212836.0,,72360.231,,13881.164,,126390584.0,92619570.0,59000000.0,11.3,72360231.0,13.881164000000002,24.246031143124394,17.767597139062115,11.318215267083023,13.881163919217869,74825010.0,,14.353992721044744
IE,2023,2.1,,2.1,,121448.28,,22.865,,101089.0,i,19.032,i,55.0,,10.4,,5311538.0,,74519.04,,14029.654,,121448280.0,101089000.0,55000000.0,10.4,74519040.0,14.029654,22.864993152642416,19.031963999881015,10.354816250961585,14.029653934510117,72934630.0,,13.731358036034008
IT,2010,11.3,,11.3,,701673.158,,11.73,,859159.9,i,14.363,i,519.6,,8.7,,59819407.0,,732313.735,,12242.076,,701673158.0,859159900.0,519600000.0,8.7,732313735.0,12.242075999999999,11.729858137844797,14.362561300549167,8.686144280902015,12.242076137598623,539228152.0,,9.014267760962593
IT,2011,11.5,,11.5,,703656.703,,11.722,,861902.2,i,14.359,i,506.6,,8.4,,60026841.0,,707849.095,,11792.21,,703656703.0,861902200.0,506600000.0,8.4,707849095.0,11.792209999999999,11.72236771546915,14.358613340988576,8.439557897108061,11.792209671670046,524747329.99999994,,8.741878154141077
IT,2012,13.6,,13.6,,609288.422,,10.123,,718751.4,i,11.941,i,486.9,,8.1,,60191247.0,,637419.254,,10589.9,,609288422.0,718751400.0,486900000.0,8.1,637419254.0,10.5899,10.122541937036127,11.941128250757124,8.089216028370371,10.58989945830496,505472363.0,,8.397771905273869
IT,2013,15.6,,15.6,,519630.722,,8.616,,654066.4,i,10.845,i,450.5,,7.5,,60311613.0,,597385.006,,9904.975,,519630722.0,654066400.0,450500000.0,7.5,597385006.0,9.904975,8.61576562377796,10.844783740073408,7.469539904363029,9.90497478487269,469087684.0,,7.7777340161670026
IT,2014,15.7,,15.7,,512164.235,,8.491,,654698.8,i,10.854,i,428.8,,7.1,,60320707.0,,574481.567,,9523.787,,512164235.0,654698800.0,428800000.0,7.1,574481567.0,9.523787,8.49068687142543,10.853632733449228,7.108669996192186,9.523787030546575,446243471.0,,7.397848818317066
IT,2015,16.7,,16.7,,500515.301,,8.31,,665868.1,i,11.055,i,438.5,,7.3,,60229605.0,,572115.563,,9498.909,,500515301.0,665868100.0,438500000.0,7.3,572115563.0,9.498909,8.310120928071834,11.055495050980328,7.2804727841067525,9.498909431665707,456202849.0,,7.574395498692047
IT,2016,17.3,,17.3,,501857.424,,8.348,,672819.5,i,11.192,i,434.7,,7.2,,60115223.0,,564262.7,,9386.353,,501857424.0,672819500.0,434700000.0,7.2,564262700.0,9.386353,8.348258543430838,11.192165086038191,7.2311134901720315,9.386352937591198,452417545.0,,7.5258399191166605
IT,2017,17.9,,17.9,,500839.566,,8.347,,650268.4,i,10.837,i,428.0,,7.1,,60002252.0,,569487.937,,9491.109,,500839566.0,650268400.0,428000000.0,7.1,569487937.0,9.491109,8.34701280878591,10.837399902923643,7.13306560560427,9.491109383694466,449229327.0,,7.486874442645919
IT,2018,18.3,,18.3,,503065.383,,8.402,,652019.9,i,10.889,i,423.7,,7.1,,59877221.0,,575395.522,,9609.59,,503065383.0,652019900.0,423700000.0,7.1,575395522.0,9.60959,8.401615415651973,10.889281251045368,7.076146703602026,9.609589630086539,443723765.0,,7.41056043666422
IT,2019,18.7,,18.7,,505510.909,,8.463,,618290.4,i,10.352,i,411.7,,6.9,,59729081.0,,551266.633,,9229.451,,505510909.0,618290400.0,411700000.0,6.9,551266633.0,9.229451,8.463396732991757,10.351580664701672,6.892789795309256,9.22945111109277,433827469.0,,7.263253707184948
IT,2020,20.1,,20.1,,473744.564,,7.97,,560933.0,i,9.437,i,374.1,,6.3,,59438851.0,,486692.678,,8188.124,,473744564.0,560933000.0,374100000.0,6.3,486692678.0,8.188124,7.9702846880401506,9.437144065924155,6.293863251158741,8.188123925881406,388916430.0,,6.54313506161147
IT,2021,19.3,,19.3,,519555.965,,8.786,,643205.8,i,10.877,i,406.3,,6.9,,59133173.0,,559231.671,,9457.157,,519555965.0,643205800.0,406300000.0,6.9,559231671.0,9.457156999999999,8.78620135942984,10.877241442802333,6.870931820283007,9.45715649319207,422687461.0,,7.148059871571579
IT,2022,20.2,,20.2,,524281.283,,8.884,,660448.5,i,11.191,i,405.5,,6.9,,59013667.0,,592711.478,,10043.631,,524281283.0,660448500.0,405500000.0,6.9,592711478.0,10.043631,8.884065499607066,11.191449939892737,6.871289662443786,10.043630706764926,421920772.0,,7.149543376113198
IT,2023,21.1,,21.1,,498387.423,,8.45,,592009.8,i,10.037,i,377.1,,6.4,,58984216.0,,534564.496,,9062.84,,498387423.0,592009800.0,377100000.0,6.4,534564496.00000006,9.06284,8.449504915009806,10.036749492440487,6.393235776839011,9.06283972647869,397086185.0,,6.732075323337348
LT,2010,3.9,,3.9,,38462.396,,12.418,,42430.381,,13.699,,20.2,,6.5,,3097282.0,,29805.746,,9623.194,,38462396.0,42430381.0,20200000.0,6.5,29805746.0,9.623194,12.418112396610963,13.699230809464556,6.52184721959447,9.623194142477178,22966820.0,,7.415153027719142
LT,2011,3.6,,3.6,,41724.942,,13.779,,48237.645,,15.93,,20.6,,6.8,,3028115.0,,29673.553,,9799.348,,41724942.0,48237645.0,20600000.0,6.8,29673553.0,9.799348,13.779180117003483,15.929925052384075,6.802912042640388,9.799348109302322,23558278.0,,7.779849180100491
LT,2012,3.8,,3.8,,38282.933,,12.807,,44330.566,,14.831,,20.6,,6.9,,2989139.0,,28305.772,,9469.54,,38282933.0,44330566.0,20600000.0,6.9,28305772.0,9.46954,12.807344522954603,14.830546856469372,6.891616616022206,9.469540225462918,23409324.0,,7.831460497487738
LT,2013,3.1,,3.1,,46342.52,,15.65,,52307.386,,17.664,,19.5,,6.6,,2961250.0,,26756.423,,9035.516,,46342520.0,52307386.0,19500000.0,6.6,26756423.0,9.035516,15.649647952722669,17.663954748839174,6.585056986070072,9.035516420430561,22220173.0,,7.503646433094133
LT,2014,3.7,,3.7,,43502.647,,14.811,,50082.085,,17.051,,19.4,,6.6,,2937253.0,,24465.489,,8329.378,,43502647.0,50082085.0,19400000.0,6.6,24465489.0,8.329378,14.810657100358737,17.05065413159847,6.604810685358054,8.329377482974738,22394404.0,,7.624267981001296
LT,2015,4.1,,4.1,,43494.38,,14.941,,51340.274,,17.636,,19.7,,6.8,,2911109.0,,24908.65,,8556.413,,43494380.0,51340274.0,19700000.0,6.8,24908650.0,8.556413000000001,14.940828392203796,17.63598477418743,6.767180480016378,8.556412693581724,23036882.0,,7.913438486844704
LT,2016,4.6,,4.6,,45035.622,,15.652,,52130.225,,18.118,,19.7,,6.9,,2877325.0,,23932.264,,8317.539,,45035622.0,52130225.0,19700000.0,6.9,23932264.0,8.317539,15.651906545141754,18.117600549121146,6.846637067415047,8.317539381196076,23310385.0,,8.101408426229224
LT,2017,4.4,,4.4,,50420.749,,17.737,,56954.797,,20.036,,19.8,,7.0,,2842639.0,,23969.033,,8431.965,,50420749.0,56954797.0,19800000.0,7.0,23969033.0,8.431965,17.73730290761507,20.03588813071234,6.965358598119564,8.431965156321292,24144779.0,,8.493790101381146
LT,2018,4.3,,4.3,,49580.494,,17.587,,56044.125,,19.879,,19.5,,6.9,,2819200.0,,26045.03,,9238.447,,49580494.0,56044125.0,19500000.0,6.9,26045030.0,9.238447,17.58672460272418,19.879442749716233,6.916855845629966,9.238447077185016,24979527.0,,8.860501915437004
LT,2019,3.9,,3.9,,52964.161,,18.841,,57637.183,,20.504,,19.7,,7.0,,2811089.0,,24475.593,,8706.801,,52964161.0,57637183.0,19700000.0,7.0,24475593.0,8.706801,18.841154086547952,20.50350700386932,7.0079602602407824,8.70680117207246,24948318.0,,8.874965538266487
LT,2020,4.0,,4.0,,56016.543,,19.932,,58558.759,,20.837,,19.5,,6.9,,2810369.0,,21374.729,,7605.666,,56016543.0,58558759.0,19500000.0,6.9,21374729.0,7.605666,19.932095393878882,20.836679809662005,6.938590626355471,7.605666373348126,26501365.0,,9.429852449980768
LT,2021,4.1,,4.1,,58103.837,,20.689,,64664.779,,23.026,,19.7,,7.0,,2808380.0,,25196.465,,8971.886,,58103837.0,64664779.0,19700000.0,7.0,25196465.0,8.971886000000001,20.68944978955839,23.025651443180767,7.014720230168282,8.971885927118125,26778758.0,,9.535304339156381
LT,2022,4.0,,4.0,,56929.183,,20.105,,58732.171,,20.741,,18.4,,6.5,,2831639.0,,25999.036,,9181.621,,56929183.0,58732171.0,18400000.0,6.5,25999036.0,9.181621,20.10467541943023,20.74140488953571,6.498003453123792,9.181620962276618,25422565.0,,8.978038867242612
LT,2023,4.1,,4.1,,57636.367,,20.071,,58628.811,,20.417,,17.9,,6.2,,2871585.0,,21973.05,,7651.889,,57636367.0,58628811.0,17900000.0,6.2,21973050.0,7.651889000000001,20.07127318188387,20.416881617643217,6.2334912600532455,7.651889113503518,25140619.0,,8.754962503286512
LU,2010,23.4,,23.4,,11393.496,,22.474,,15551.371,,30.676,,12.2,,24.0,,506953.0,,10117.862,,19958.186,,11393496.0,15551371.0,12200000.0,24.0,10117862.0,19.958186,22.47446212962543,30.676159328379555,24.065347280714384,19.958185472815035,10221766.0,,20.163143328868752
LU,2011,19.8,,19.8,,11553.67,,22.289,,17594.454,,33.943,,12.1,,23.3,,518347.0,,10250.93,,19776.192,,11553670.0,17594454.0,12100000.0,23.3,10250930.0,19.776191999999998,22.289450889076235,33.94338927398056,23.343435960852478,19.776192396213347,9413230.0,,18.16009352808061
LU,2012,17.7,,17.7,,11455.103,,21.575,,16034.09,,30.199,,11.8,,22.3,,530946.0,b,9698.471,,18266.398,,11455103.0,16034090.0,11800000.0,22.3,9698471.0,18.266398000000002,21.574892738621255,30.199097460005348,22.224482339070263,18.26639808944789,9291471.0,,17.499841791820636
LU,2013,15.2,,15.2,,11540.696,,21.24,,16091.96,,29.616,,11.3,,20.8,,543360.0,,9698.443,,17849.019,,11540696.0,16091960.0,11300000.0,20.8,9698443.0,17.849019000000002,21.239502355712602,29.615650765606595,20.796525323910483,17.84901906654888,9129092.0,,16.801185217903416
LU,2014,11.1,,11.1,,12131.573,,21.807,,16067.437,,28.882,,10.8,,19.5,,556319.0,,9886.827,,17771.867,,12131573.0,16067437.0,10800000.0,19.5,9886827.0,17.771867,21.806864406931993,28.88169737147212,19.413322212615423,17.77186650105425,9270165.0,,16.66339815825093
LU,2015,9.6,,9.6,,13903.631,,24.409,,17404.56,,30.556,,10.4,,18.2,,569604.0,,9873.725,,17334.367,,13903631.0,17404560.0,10400000.0,18.2,9873725.0,17.334367,24.409293122941552,30.555543851517896,18.25829874790205,17.3343673850605,10269133.0,,18.028547903455735
LU,2016,7.1,,7.1,,14011.674,,24.074,,15475.929,,26.59,,10.2,,17.5,,582014.0,,9571.441,,16445.379,,14011674.0,15475929.0,10200000.0,17.5,9571441.0,16.445379000000003,24.074462126340602,26.590303669671176,17.5253516238441,16.445379320772354,10212561.0,,17.546933578917347
LU,2017,10.6,,10.6,,14846.172,,24.896,,16646.318,,27.914,,10.3,,17.4,,596336.0,b,9730.527,,16317.189,,14846172.0,16646318.0,10300000.0,17.4,9730527.0,16.317189,24.89564943253468,27.914326822462506,17.272141879745647,16.31718863191221,10225191.0,,17.146694145582355
LU,2018,10.8,,10.8,,14004.114,,23.035,,14773.544,,24.301,,10.7,,17.6,,607950.0,,9527.506,,15671.529,,14004114.0,14773544.0,10700000.0,17.6,9527506.0,15.671529000000001,23.034976560572417,24.300590509087918,17.600131589768896,15.671528908627355,10260147.0,,16.876629657044166
LU,2019,9.1,,9.1,,14180.689,,22.872,,14734.05,,23.765,,10.9,,17.6,,620001.0,,9112.414,,14697.418,,14180689.0,14734050.0,10900000.0,17.6,9112414.0,14.697418,22.872042141867514,23.764558444260572,17.580616805456767,14.697418229970596,10727346.0,,17.302143061059578
LU,2020,9.7,,9.7,,14160.012,,22.461,,15356.869,,24.36,,9.2,,14.5,,630419.0,,8521.49,,13517.185,,14160012.0,15356869.0,9200000.0,14.5,8521490.0,13.517185,22.461270995956657,24.359781351767634,14.59346878821863,13.51718460262143,9928601.0,,15.749209652627856
LU,2021,8.7,,8.7,,15465.995,,24.163,,15500.741,,24.217,,9.5,,14.9,,640064.0,,8957.349,,13994.458,,15465995.0,15500741.0,9500000.0,14.9,8957349.0,13.994458000000002,24.16320086741326,24.21748606389361,14.842265773422657,13.994458366663334,9980593.0,,15.593117250774922
LU,2022,12.0,,12.0,,15338.032,,23.485,,16644.705,,25.486,,8.3,,12.7,,653103.0,,8518.516,,13043.143,,15338032.0,16644705.000000002,8300000.000000001,12.7,8518516.0,13.043143,23.484859202912865,25.485574250922138,12.708562049171418,13.043143271428855,9908165.0,,15.170907192280543
LU,2023,10.1,,10.1,,14201.659,,21.31,,14764.194,,22.154,,7.8,,11.7,,666430.0,,8437.786,,12661.174,,14201659.0,14764194.0,7800000.0,11.7,8437786.0,12.661174,21.310053569017,22.154155725282475,11.704154975016131,12.661173716669417,9421475.0,,14.137231217082064
LV,2010,1.2,,1.2,,19968.457,,9.52,,21713.49,i,10.352,i,11.7,,5.6,,2097555.0,,16948.514,,8080.129,,19968457.0,21713490.0,11700000.0,5.6,16948514.0,8.080129,9.519872899637912,10.351809606899462,5.577922867338401,8.08012853059872,13612782.0,,6.489833162896801
LV,2011,2.9,,2.9,,23083.005,,11.207,,27430.67,i,13.318,i,11.0,,5.3,,2059709.0,,16706.919,,8111.301,,23083005.0,27430670.0,11000000.0,5.3,16706919.000000002,8.111301000000001,11.206925347221379,13.317740515771888,5.3405602441898345,8.111300674027254,12665895.0,,6.149361390371164
LV,2012,1.3,,1.3,,23191.042,,11.4,,26219.54,i,12.889,i,10.8,,5.3,,2034319.0,,16225.7,,7975.986,,23191042.0,26219540.0,10800000.0,5.3,16225700.0,7.975986,11.39990434145284,12.888607932187627,5.308901897883272,7.975986067081908,12370885.0,,6.081093968055158
LV,2013,3.9,,3.9,,25052.538,,12.448,,28799.05,i,14.309,i,10.7,,5.3,,2012647.0,,15966.511,,7933.091,,25052538.0,28799050.0,10700000.0,5.3,15966511.0,7.933091,12.447556874106587,14.309041774339962,5.316381859312637,7.933090601580903,12203384.0,,6.063350403722064
LV,2014,5.3,,5.3,,23937.59,,12.006,,29686.88,i,14.89,i,10.6,,5.3,,1993782.0,,16637.789,,8344.839,,23937590.0,29686880.0,10600000.0,5.3,16637789.0,8.344839,12.006122033401846,14.889732177339347,5.316529088937506,8.344838603217402,12313104.0,,6.175752414255921
LV,2015,5.3,,5.3,,25635.044,,12.963,,30899.2,i,15.625,i,10.7,,5.4,,1977527.0,,15963.577,,8072.495,,25635044.0,30899200.0,10700000.0,5.4,15963577.0,8.072495,12.96318280357234,15.625172247964251,5.410798436633229,8.072495091091044,12622826.0,,6.383137120251709
LV,2016,6.6,,6.6,,23002.044,,11.739,,26621.55,i,13.586,i,10.6,,5.4,,1959537.0,,15487.165,,7903.482,,23002044.0,26621550.0,10600000.0,5.4,15487165.0,7.903482,11.738509658148839,13.58563272854761,5.409441107771887,7.903481791872264,12534965.0,,6.396901410894512
LV,2017,5.5,,5.5,,25756.12,,13.261,,30934.7,i,15.927,i,10.7,,5.5,,1942248.0,,14813.484,,7626.979,,25756120.0,30934700.0,10700000.0,5.5,14813484.0,7.626979,13.260984179157347,15.927265725077334,5.509080199850894,7.626978635066171,12870439.0,,6.626568285821378
LV,2018,4.7,,4.7,,28013.763,,14.536,,31035.21,i,16.104,i,11.1,,5.8,,1927174.0,,16518.434,,8571.325,,28013763.0,31035210.0,11100000.0,5.8,16518434.000000002,8.571325000000002,14.53618770282289,16.10399995018613,5.759729012533378,8.571324644271872,13212331.0,,6.855805962512985
LV,2019,4.8,,4.8,,28069.895,,14.667,,30360.54,i,15.864,i,11.0,,5.7,,1913822.0,,15216.376,,7950.779,,28069895.0,30360540.0,11000000.0,5.7,15216376.0,7.950779000000001,14.66693088489943,15.863826416458792,5.747660963245275,7.950779121569299,13224257.0,,6.909867793347552
LV,2020,5.2,,5.2,,28170.522,,14.823,,30547.57,i,16.074,i,10.4,,5.5,,1900449.0,,13968.664,,7350.192,,28170522.0,30547570.0,10400000.0,5.5,13968664.0,7.350192,14.823087596667945,16.073869911794528,5.472390998127285,7.350191454756218,11688519.0,,6.150398668946128
LV,2021,5.0,,5.0,,30372.94,,16.117,,32649.42,i,17.325,i,10.6,,5.6,,1884490.0,,16353.045,,8677.703,,30372940.0,32649420.0,10600000.0,5.6,16353045.0,8.677703,16.11732617312907,17.32533470594166,5.624864021565516,8.677703251277533,12051001.0,,6.394834146108496
LV,2022,4.3,,4.3,,31769.168,,16.863,,33286.26,i,17.669,i,10.0,,5.3,,1883930.0,,15777.285,,8394.928,,31769168.0,33286260.000000004,10000000.0,5.3,15777285.0,8.394928,16.86324226483999,17.66852271581216,5.308052846974144,8.374666256177246,11598822.0,,6.156716013864634
LV,2023,6.0,,6.0,,25778.906,,13.662,,26349.43,i,13.964,i,9.9,,5.3,,1886907.0,b,14070.807,,7469.731,,25778906.0,26349430.0,9900000.0,5.3,14070807.0,7.469731,13.661990760540927,13.964350124303953,5.2466814739677154,7.457074990977298,11574703.0,,6.134220181492782
MT,2010,5.3,,5.3,,2970.266,,7.166,,5101.036,,12.306,,3.0,,7.1,,414508.0,,5188.235,,12516.61,,2970266.0,5101036.0,3000000.0,7.1,5188235.0,12.51661,7.165762783830469,12.30624258156658,7.23749601937719,12.51661005336447,3123822.0,,7.536216430080963
MT,2011,4.5,,4.5,,3913.477,,9.401,,4750.917,,11.413,,3.0,,7.1,,416268.0,,4830.455,,11604.195,,3913477.0,4750917.0,3000000.0,7.1,4830455.0,11.604195,9.401340002114022,11.413120874052293,7.206895557669578,11.604194893674267,3167958.0,,7.610380812361267
MT,2012,3.9,,3.9,,4457.344,,10.612,,4098.085,,9.757,,3.1,,7.5,,420028.0,,4883.379,,11626.318,,4457344.0,4098085.0,3100000.0,7.5,4883379.0,11.626318,10.612016341767692,9.756694791775786,7.380460350262363,11.626317769291571,3319912.0,,7.904025445922652
MT,2013,6.3,,6.3,,3722.01,,8.762,,4573.081,,10.765,,2.8,,6.7,,424810.0,,4395.027,,10345.865,,3722010.0,4573081.0,2800000.0,6.7,4395027.0,10.345865,8.76158753325016,10.765003177891293,6.591181940161484,10.345865210329324,3019429.0,,7.107716390857089
MT,2014,6.4,,6.4,,5156.382,,11.895,,4278.509,,9.87,,2.8,,6.5,,433481.0,,4614.291,,10644.736,,5156382.0,4278509.0,2800000.0,6.5,4614291.0,10.644736000000002,11.895289528260754,9.870118874875715,6.4593373181292835,10.64473644750289,3109902.0,,7.174252158687462
MT,2015,4.6,,4.6,,6144.216,,13.831,,5434.125,,12.233,,2.1,,4.8,,444220.0,,4144.614,,9330.093,,6144216.0,5434125.0,2100000.0,4.8,4144613.9999999995,9.330093000000002,13.831470892800864,12.232958894241593,4.727387330601954,9.330093197064517,2409735.0,,5.424643194813381
MT,2016,4.2,,4.2,,6178.468,,13.594,,4874.965,,10.726,,1.8,,4.1,,454505.0,,3580.476,,7877.748,,6178468.0,4874965.0,1800000.0,4.1,3580476.0,7.8777479999999995,13.593839451711203,10.725877603106676,3.960352471369952,7.877748319600444,2084369.0000000002,,4.586019955776065
MT,2017,6.5,,6.5,,5325.334,,11.401,,5553.689,,11.89,,2.0,,4.3,,467106.0,,3588.809,,7683.072,,5325334.0,5553689.0,2000000.0,4.3,3588809.0,7.683072,11.400697058055345,11.889568962933467,4.2816833866402915,7.683071936562579,2250138.0,,4.8171892461240065
MT,2018,8.3,,8.3,,6325.444,,13.072,,5337.826,,11.031,,2.0,,4.2,,483903.0,,3808.368,,7870.106,,6325444.0,5337826.0,2000000.0,4.2,3808368.0,7.870106,13.071718918874238,11.03077682924057,4.133059724779553,7.870106198969628,2389266.0,,4.937489538192572
MT,2019,12.5,,12.5,,6157.396,,12.219,,6200.158,,12.304,,2.1,,4.2,,503912.0,,4586.785,,9102.353,,6157396.0,6200158.0,2100000.0,4.2,4586785.0,9.102352999999999,12.21918906475734,12.304049119687564,4.167394306942482,9.102353188651987,3049070.0,,6.05079855212815
MT,2020,16.2,,16.2,,6739.769,,13.074,,6358.86,,12.336,,2.1,,4.0,,515490.0,,4380.39,,8497.527,,6739769.0,6358860.0,2100000.0,4.0,4380390.0,8.497527,13.074490290791285,12.335564220450445,4.073793866030379,8.497526625152767,2754649.0,,5.3437486663174845
MT,2021,18.4,,18.4,,6135.688,,11.842,,5861.531,,11.312,,2.1,,4.0,,518150.0,,4366.853,,8427.778,,6135688.0,5861531.0,2100000.0,4.0,4366853.0,8.427778,11.841528514908811,11.31242111357715,4.052880440027019,8.427777670558719,3275574.0,,6.321671330695745
MT,2022,20.4,,20.4,,5762.185,,10.849,,6052.911,,11.397,,2.3,,4.3,,531113.0,,4586.853,,8636.303,,5762185.0,6052911.0,2300000.0,4.3,4586853.0,8.636303,10.849263716007705,11.396653819432023,4.330528531593089,8.636303385531892,3870881.0,,7.28824374473982
MT,2023,19.5,,19.5,,6145.781,,11.119,,5399.942,,9.769,,2.2,,4.0,,552747.0,,5060.323,,9154.863,,6145781.0,5399942.0,2200000.0,4.0,5060323.0,9.154862999999999,11.118614845489889,9.769283234463506,3.980121104230326,9.15486289387369,5382199.0,,9.73718355775789
NL,2010,24.8,,24.8,,196931.879,,11.852,,160467.1,i,9.658,i,215.0,,12.9,,16615394.0,,227891.892,,13715.708,,196931879.0,160467100.0,215000000.0,12.9,227891892.0,13.715708000000001,11.85237491208454,9.657736674796878,12.939807506219834,13.715707975387161,231984190.0,,13.962003549238736
NL,2011,24.3,,24.3,,194643.414,,11.66,,172842.2,i,10.354,i,200.8,,12.0,,16693074.0,,211134.347,,12648.021,,194643414.0,172842200.0,200800000.0,12.0,211134347.0,12.648021000000002,11.660130063522153,10.354126507795987,12.028940864935961,12.648020789939588,218132842.0,,13.067266220709259
NL,2012,25.3,,25.3,,190634.227,,11.378,,141677.5,i,8.456,i,196.6,,11.7,,16754962.0,,201606.335,,12032.635,,190634227.0,141677500.0,196600000.0,11.7,201606335.0,12.032635,11.377777341422798,8.455853257082888,11.733837414850598,12.032634571179571,214969102.0,,12.830175442952362
NL,2013,26.0,,26.0,,179541.735,e,10.684,e,126681.2,i,7.539,i,196.2,,11.7,,16804432.0,,201989.583,,12020.019,,179541735.0,126681200.0,196200000.0,11.7,201989583.0,12.020019000000001,10.684189444784566,7.538558875420485,11.675491322765328,12.020018468937243,215430014.0,,12.819833124975602
NL,2014,25.7,,25.7,,182298.529,,10.809,,139416.9,i,8.267,i,188.0,,11.2,,16865008.0,,191724.222,,11368.167,,182298529.0,139416900.0,188000000.0,11.2,191724222.0,11.368167,10.809276165181778,8.266637051106054,11.147341287949581,11.368166679790487,209388242.0,,12.415543591796695
NL,2015,27.4,,27.4,,173139.083,e,10.221,e,150221.3,i,8.868,i,194.7,,11.5,,16939923.0,,203217.237,,11996.35,,173139083.0,150221300.0,194700000.0,11.5,203217237.0,11.996350000000001,10.2207715466003,8.867885645052814,11.493558736955299,11.996349511151852,216663471.0,,12.79010955362666
NL,2016,29.7,,29.7,,160056.137,,9.398,,147456.3,i,8.658,i,195.3,,11.5,,17030314.0,,202171.19,,11871.254,,160056137.0,147456300.0,195300000.0,11.5,202171190.0,11.871254,9.398308040591617,8.658460437077085,11.467786207582549,11.871254399654639,216715989.0,,12.725307883342609
NL,2017,28.5,,28.5,,167197.076,e,9.76,e,131332.6,i,7.666,i,192.6,,11.2,,17131296.0,,200723.496,,11716.772,,167197076.0,131332600.0,192600000.0,11.2,200723496.0,11.716772,9.759744738518323,7.6662384445403315,11.242581997298979,11.716772391300694,213356136.0,,12.454173694739733
NL,2018,28.0,,28.0,,171814.246,,9.971,,151854.2,i,8.813,i,187.4,,10.9,,17231624.0,,203649.107,,11818.335,,171814246.0,151854200.0,187400000.0,10.9,203649107.0,11.818335,9.97086786480485,8.812529799861,10.87535336193501,11.818335114554495,207742961.0,,12.055913070062346
NL,2019,26.9,,26.9,,174291.219,e,10.049,e,164550.5,i,9.487,i,181.6,,10.5,,17344874.0,,203310.128,,11721.626,,174291219.0,164550500.0,181600000.0,10.5,203310128.0,11.721626,10.048572217935973,9.486981571615914,10.46995210227529,11.721626112706266,203807779.0,,11.750317644279226
NL,2020,28.2,,28.2,,160425.846,,9.198,,165202.2,i,9.472,i,165.1,,9.5,,17441500.0,,182996.66,,10492.025,,160425846.0,165202200.0,165100000.0,9.5,182996660.0,10.492025,9.197938594730958,9.471788550296706,9.465928962531892,10.492025341857065,181785029.0,,10.422557062179285
NL,2021,30.1,,30.1,,150254.099,e,8.57,e,155466.0,i,8.867,i,167.7,,9.6,,17533044.0,,191665.579,,10931.677,,150254099.0,155466000.0,167700000.0,9.6,191665579.0,10.931677,8.569766835696072,8.867028452104496,9.564796620598226,10.931677294598702,185481039.0,,10.578941055529205
NL,2022,28.5,,28.5,,166488.964,,9.406,,159313.2,i,9.0,i,153.0,,8.7,,17700982.0,,187934.079,,10617.156,,166488964.0,159313200.0,153000000.0,8.7,187934079.0,10.617156000000001,9.405634331473813,9.00024642700614,8.643588248380796,10.617155534082798,175561894.0,,9.91820080942402
NL,2023,32.0,,32.0,,139121.26,e,7.782,e,140612.2,i,7.865,i,142.8,,8.0,,17877117.0,,167952.759,,9394.846,,139121260.0,140612200.0,142800000.0,8.0,167952759.0,9.394846,7.78208589226104,7.865485245747399,7.9878651574524016,9.394845880350841,165633012.0,,9.26508519242784
PL,2010,11.1,,11.1,,627714.315,,16.5,,581273.8,i,15.279,i,405.1,,10.7,,38042794.0,b,413609.924,,10872.228,,627714315.0,581273800.0,405100000.0,10.7,413609924.0,10.872228,16.500215914740647,15.279471849517677,10.648534384724739,10.872227838996263,414069132.0,,10.884298666391327
PL,2011,9.4,,9.4,,777540.669,,20.428,,721860.6,i,18.965,i,403.7,,10.6,,38063255.0,,410879.91,,10794.66,,777540669.0,721860600.0,403700000.0,10.6,410879910.0,10.79466,20.427592674352205,18.96476273508401,10.60602935823539,10.794660362073607,412290957.0,,10.831731469103207
PL,2012,11.0,,11.0,,666843.146,,17.519,,608451.6,i,15.985,i,396.1,,10.4,,38063164.0,,397418.548,,10441.028,,666843146.0,608451600.0,396100000.0,10.4,397418548.0,10.441028000000001,17.51938293936889,15.985313254568117,10.40638660517029,10.441027656029856,404793588.0,,10.634785589553196
PL,2013,12.2,,12.2,,635936.912,,16.717,,572039.7,i,15.038,i,391.8,,10.3,,38040196.0,,382687.391,,10060.079,,635936912.0,572039700.0,391800000.0,10.3,382687391.0,10.060079,16.7174983010077,15.03776952148196,10.299631474033415,10.060079369727749,400672963.0,,10.532883768527375
PL,2014,13.0,,13.0,,630194.739,,16.579,,579834.8,i,15.254,i,379.3,,10.0,,38011735.0,,379587.276,,9986.055,,630194739.0,579834800.0,379300000.0,10.0,379587276.0,9.986055,16.578952236723737,15.25409981943734,9.978497429806874,9.986054990649597,389127891.0,,10.237046296360848
PL,2015,11.9,,11.9,,625526.721,,16.467,,576894.8,i,15.187,i,381.8,,10.1,,37986412.0,e,365164.053,,9613.018,,625526721.0,576894800.0,381800000.0,10.1,365164053.0,9.613018,16.4671177946472,15.186872611185283,10.050962433619684,9.613017754875086,392097015.0,,10.32203344185284
PL,2016,10.6,,10.6,,642326.323,,16.917,,583911.4,i,15.378,i,392.6,,10.3,,37970087.0,e,371869.716,,9793.755,,642326323.0,583911400.0,392600000.0,10.3,371869716.0,9.793754999999999,16.91664080200817,15.378194945932044,10.339718210284849,9.793754646914557,406046960.0,,10.693864356960784
PL,2017,10.4,,10.4,,683728.984,,18.005,,636034.5,i,16.749,i,407.0,,10.7,,37974826.0,e,389565.809,,10258.528,,683728984.0,636034500.0,407000000.0,10.7,389565809.0,10.258528,18.004795703343053,16.748845669496944,10.717626461277268,10.258527820509302,424048505.0,,11.166568742145126
PL,2018,10.5,,10.5,,701480.056,,18.472,,651424.6,i,17.154,i,406.8,,10.7,,37974750.0,e,396692.733,,10446.224,,701480056.0,651424600.0,406800000.0,10.7,396692733.0,10.446224,18.472275814850658,17.154151113568883,10.712381253332806,10.446223688108546,424602744.0,,11.181186024924456
PL,2019,9.2,,9.2,,667673.852,,17.586,,616340.4,i,16.234,i,384.5,,10.1,,37965475.0,e,372152.236,,9802.386,,667673852.0,616340400.0,384500000.0,10.1,372152236.0,9.802386,17.586342644205033,16.234233866427328,10.127622530733515,9.802385878222253,404087821.0,,10.64356026100029
PL,2020,7.4,,7.4,,659532.34,,17.58,,608602.6,i,16.223,i,369.4,,9.9,,37515748.0,be,353660.659,,9426.992,,659532340.0,608602600.0,369400000.0,9.9,353660659.0,9.426992,17.58014634281049,16.222590044052968,9.846531648522642,9.426992072769014,388029736.0,,10.343116069550312
PL,2021,7.0,,7.0,,674950.381,,18.251,,619159.3,i,16.742,i,397.6,,10.8,,36981559.0,b,391539.408,,10587.423,,674950381.0,619159300.0,397600000.0,10.8,391539408.0,10.587423000000001,18.25099858553827,16.7423796276409,10.75130445420108,10.587422991010195,419431886.0,,11.341649658414887
PL,2022,6.7,,6.7,,674125.676,,18.308,,599251.8,i,16.274,i,379.2,,10.3,,36821749.0,,382568.662,,10389.747,,674125676.0,599251800.0,379200000.0,10.3,382568662.0,10.389747,18.307812483323374,16.274398046654436,10.298261497573078,10.389747157311838,402524114.0,,10.931694580830476
PL,2023,7.8,,7.8,,636688.823,,17.354,,562560.0,i,15.334,i,347.3,,9.5,,36687353.0,,346646.162,,9448.656,,636688823.0,562560000.0,347300000.0,9.5,346646162.0,9.448656000000001,17.354449720043853,15.333894489471618,9.466477453415623,9.44865556258583,370624120.0,,10.102231142159534
PT,2010,1.8,,1.8,,198071.896,,18.734,,209706.479,,19.834,,68.9,,6.5,,10573100.0,,93144.22,,8809.547,,198071896.0,209706479.0,68900000.0,6.5,93144220.0,8.809547,18.733568773585798,19.8339634544268,6.516537250191524,8.809546868940991,71578060.0,,6.769827202996283
PT,2011,1.8,,1.8,,183851.16,,17.401,,191382.446,,18.113,,67.5,,6.4,,10565836.0,,86069.599,,8146.028,,183851160.0,191382446.0,67500000.0,6.4,86069599.0,8.146028000000001,17.40053129728684,18.113327331599695,6.388514832143902,8.146028293454489,70243023.0,,6.648127322816671
PT,2012,2.0,,2.0,,168236.857,,15.975,,166729.6,,15.832,,65.3,,6.2,,10531420.0,,76911.847,,7303.084,,168236857.0,166729600.0,65300000.0,6.2,76911847.0,7.303084,15.97475525617628,15.831635240072089,6.20049338075967,7.303084199471676,68517285.0,,6.505987321747685
PT,2013,2.6,,2.6,,142798.133,,13.634,,149290.83,,14.253,,63.4,,6.1,,10473991.0,,73230.7,,6991.671,,142798133.0,149290830.0,63400000.0,6.1,73230700.0,6.991671,13.633593250175602,14.253480836483439,6.053089027859581,6.991671083162092,66473015.0,,6.34648387610797
PT,2014,2.5,,2.5,,155609.351,,14.934,,161499.928,,15.5,,63.3,,6.1,,10419607.0,,74034.126,,7105.271,,155609351.0,161499928.0,63300000.0,6.1,74034126.0,7.105271,14.934282166304353,15.499617979833596,6.0750851735578895,7.10527047709189,66316623.00000001,,6.3645992598377275
PT,2015,2.1,,2.1,,157630.106,,15.183,,167738.967,,16.157,,67.5,,6.5,,10381838.0,,75012.853,,7225.392,,157630106.0,167738967.0,67500000.0,6.5,75012853.0,7.225392,15.183256182575764,16.156962476201226,6.501738902109627,7.2253923630863826,70384165.0,,6.779547609970412
PT,2016,2.1,,2.1,,155061.81,,14.972,,165528.736,,15.983,,65.6,,6.3,,10356516.0,,73488.829,,7095.903,,155061810.0,165528736.0,65599999.99999999,6.3,73488829.0,7.095903000000001,14.972391294524144,15.983052215629272,6.334176474018868,7.095902618216396,68263907.0,,6.591396855853842
PT,2017,2.0,,2.0,,169605.625,,16.403,,182799.633,,17.679,,70.8,,6.8,,10340124.0,,79472.604,,7685.846,,169605625.0,182799633.0,70800000.0,6.8,79472604.0,7.685846,16.40266838192656,17.678669327369768,6.8471132454504415,7.6858463206050525,73591177.0,,7.117049756850111
PT,2018,2.2,,2.2,,168104.804,,16.266,,178077.757,,17.231,,67.0,,6.5,,10334633.0,,80113.709,,7751.965,,168104804.0,178077757.0,67000000.0,6.5,80113709.0,7.751965,16.266160975430864,17.231164086813727,6.48305556665631,7.751964583551249,70277982.0,,6.800239737589133
PT,2019,2.4,,2.4,,169081.661,,16.329,,180639.225,,17.446,,63.5,,6.1,,10354446.0,,76030.571,,7342.795,,169081661.0,180639225.0,63500000.0,6.1,76030571.0,7.342795000000001,16.329377834410455,17.44557120680334,6.132631335370332,7.342794679696046,67114199.0,,6.481679367491028
PT,2020,2.6,,2.6,,150018.836,,14.462,,155279.183,,14.969,,57.3,,5.5,,10373508.0,,68820.414,,6627.004,,150018836.0,155279183.0,57300000.0,5.5,68820414.0,6.627004,14.46172654419315,14.968820865612674,5.523685912229499,6.634246968335109,58751585.0,,5.663617842681569
PT,2021,2.8,,2.8,,175718.222,,16.883,,186535.853,,17.923,,56.0,,5.4,,10407707.0,,71100.189,,6831.494,,175718222.0,186535853.0,56000000.0,5.4,71100189.0,6.831494,16.883471258366516,17.92285783986809,5.3806280288251775,6.831494103360135,58189916.0,,5.5910409468675475
PT,2022,3.4,,3.4,,159223.776,,15.209,,167965.137,,15.604,,56.1,,5.4,,10764411.0,b,74525.703,,7118.792,,159223776.0,167965137.0,56100000.0,5.4,74525703.0,7.118792000000001,14.791684932877423,15.60374617803055,5.211618173999487,6.9233423918874895,57898425.0,,5.378689553938437
PT,2023,3.0,,3.0,,161730.324,,15.325,,167999.258,,15.18,,53.1,,5.0,,11067026.0,,68510.553,,6476.595,,161730324.0,167999258.0,53100000.0,5.0,68510553.0,6.4765950000000005,14.613711398166048,15.180162945311595,4.798036979401693,6.190511615315623,52725575.0,,4.764204493601081
RO,2010,3.5,,3.5,,274875.075,i,13.576,i,281050.883,,13.881,,114.1,,5.6,,20246871.0,,128116.091,,6327.698,,274875075.0,281050883.0,114100000.0,5.6,128116091.0,6.327698000000001,13.57617554831065,13.88120085320838,5.635438680870738,6.3276982897752445,125805005.0,,6.213552948502512
RO,2011,2.5,,2.5,,381282.568,i,18.925,i,388886.828,,19.302,,118.4,,5.9,,20147528.0,,134846.08,,6692.934,,381282568.0,388886828.0,118400000.0,5.9,134846080.0,6.692934,18.924533471302286,19.301962404519305,5.876651468110628,6.692934239873001,133252541.0,,6.613840715347312
RO,2012,2.6,,2.6,,359233.212,i,17.91,i,360574.159,,17.977,,116.3,,5.8,,20058035.0,,126812.092,,6322.259,,359233212.0,360574159.0,116300000.0,5.8,126812092.0,6.322259,17.909691153694766,17.976544511962413,5.798175145272206,6.322258984990304,130357365.0,,6.4990097484624
RO,2013,2.5,,2.5,,357760.709,i,17.903,i,356127.21,,17.821,,106.5,,5.3,,19983693.0,be,112890.813,,5649.147,,357760709.0,356127210.0,106500000.0,5.3,112890813.0,5.649147,17.902632361295783,17.820890763283842,5.329345281675414,5.649146681746962,119279566.0,,5.968844997768931
RO,2014,2.1,,2.1,,372002.364,i,18.685,i,371596.051,,18.665,,106.3,,5.3,,19908979.0,e,114068.27,,5729.489,,372002364.0,371596051.0,106300000.0,5.3,114068270.0,5.729489,18.68515527591847,18.66474674567691,5.339299418619106,5.729488689500351,119643025.0,,6.009500788563793
RO,2015,1.7,,1.7,,444013.199,i,22.407,i,444573.082,,22.435,,106.7,,5.4,,19815616.0,e,116562.808,,5882.371,,444013199.0,444573082.0,106700000.0,5.4,116562808.0,5.882371,22.40723674701811,22.43549138215032,5.384642092378051,5.882371156162897,118548512.0,,5.982580203411289
RO,2016,1.7,,1.7,,449423.272,i,22.811,i,454938.108,,23.091,,104.9,,5.3,,19702267.0,,117399.152,,5958.662,,449423272.0,454938108.0,104900000.0,5.3,117399152.0,5.958662,22.810739089060156,23.090647791952062,5.324260401100036,5.958662117410143,117074119.0,,5.942164878792882
RO,2017,1.8,,1.8,,415583.184,i,21.215,i,421689.518,,21.527,,108.4,,5.5,,19588715.0,,123848.515,,6322.442,,415583184.0,421689518.0,108400000.0,5.5,123848515.0,6.322442000000001,21.21543878707715,21.52716592180753,5.533798414035837,6.322442028484257,120386456.0,,6.1457046059427585
RO,2018,1.6,,1.6,,447761.765,i,22.993,i,454290.151,,23.328,,109.1,,5.6,,19473970.0,,130417.722,,6697.028,,447761765.0,454290151.0,109100000.0,5.6,130417722.0,6.697028,22.992834280837446,23.328070804258196,5.602350214157668,6.697027981454218,121110940.0,,6.219119162656613
RO,2019,1.4,,1.4,,533206.496,i,27.525,i,539400.818,,27.845,,105.7,,5.5,,19371648.0,e,128934.315,,6655.826,,533206496.00000006,539400818.0,105700000.0,5.5,128934315.0,6.655826,27.525097296832982,27.844859559702922,5.4564278681917,6.655825823388903,117959296.0,,6.089275212929741
RO,2020,1.5,,1.5,,548649.578,,28.479,,563264.453,,29.237,,100.8,,5.2,,19265250.0,e,126415.59,,6561.845,,548649578.0,563264453.0,100800000.0,5.2,126415590.0,6.561845000000001,28.47871571871634,29.23732902505807,5.232218631992837,6.561845291392533,113649303.0,,5.899186514579359
RO,2021,1.5,,1.5,,561922.537,,29.386,,577908.457,,30.222,,105.6,,5.5,,19122380.0,e,137618.581,,7196.85,,561922537.0,577908457.0,105600000.0,5.5,137618581.0,7.19685,29.38559619670773,30.221575818491214,5.522325149902889,7.196728702180377,117616775.0,,6.15073934311524
RO,2022,1.5,,1.5,,555494.731,,29.161,,570245.085,,29.935,,100.2,,5.3,,19049163.0,e,139658.415,,7331.727,,555494731.0,570245085.0,100200000.0,5.3,139658415.0,7.331727,29.161109650854478,29.93544047053406,5.260073631581608,7.33147251666648,112045769.0,,5.881926098275289
RO,2023,1.5,,1.5,,533074.652,,27.966,,540358.16,,28.348,,95.8,,5.0,,19061402.0,e,132115.13,,6931.153,,533074652.0,540358160.0,95800000.0,5.0,132115130.0,6.931153,27.966182760323715,28.348290435299564,5.0258632602155915,6.931028997762074,106303284.0,,5.576886946720918
SE,2010,7.2,,7.2,,205633.911,,21.927,,219555.0,i,23.411,i,64.1,,6.8,,9378126.0,,107155.022,,11426.059,,205633911.0,219555000.0,64099999.99999999,6.8,107155022.0,11.426059,21.92697251028617,23.411393704883043,6.835054252843264,11.426059108184301,68200853.0,,7.272332766695606
SE,2011,7.6,,7.6,,216798.496,,22.944,,244125.5,i,25.836,i,59.7,,6.3,,9449213.0,,107186.639,,11343.446,,216798496.0,244125500.0,59700000.0,6.3,107186639.0,11.343446,22.94355053696006,25.835537837913062,6.3179864820488225,11.34344616847985,62903917.0,,6.657053555677071
SE,2012,8.2,,8.2,,215935.252,,22.684,,242031.3,i,25.425,i,56.8,,6.0,,9519374.0,,100729.648,,10581.541,,215935252.0,242031300.0,56800000.0,6.0,100729648.0,10.581541,22.68376597032536,25.42512774474456,5.966778907940795,10.581541181174309,59352879.0,,6.2349561011049675
SE,2013,7.2,,7.2,,222149.366,,23.14,,255758.6,i,26.64,i,55.2,,5.8,,9600379.0,,98664.454,,10277.142,,222149366.0,255758600.0,55200000.0,5.8,98664454.0,10.277142,23.139645424415015,26.640469089814058,5.7497730037532895,10.277141558682214,57780538.0,,6.0185684336003815
SE,2014,6.4,,6.4,,227404.641,,23.453,,257188.0,i,26.525,i,53.5,,5.5,,9696110.0,,97618.782,,10067.83,,227404641.0,257188000.0,53500000.0,5.5,97618782.0,10.06783,23.453182874369205,26.52486409498242,5.517676676522853,10.067829469756427,56219592.0,,5.798159468075341
SE,2015,6.7,,6.7,,224999.356,,22.961,,245090.8,i,25.011,i,53.3,,5.4,,9799186.0,,93413.971,,9532.83,,224999356.0,245090800.0,53300000.0,5.4,93413971.0,9.53283,22.961025130046515,25.011342778879797,5.4392272990838215,9.53282966564774,56870759.0,,5.803620729313639
SE,2016,6.9,,6.9,,229892.422,,23.167,,251795.7,i,25.375,i,53.2,,5.4,,9923085.0,,94698.205,,9543.222,,229892422.0,251795700.0,53200000.0,5.4,94698205.0,9.543222,23.167434522630813,25.374739811258294,5.361235946280819,9.543222193501315,57817124.0,,5.826527133446907
SE,2017,6.7,,6.7,,242388.711,,24.1,,256867.6,i,25.539,i,52.2,,5.2,,10057698.0,,94873.721,,9432.946,,242388711.0,256867600.0,52200000.0,5.2,94873721.0,9.432946,24.099819958801707,25.53940275399003,5.190054423984495,9.432945888810739,56470555.0,,5.614660034532753
SE,2018,6.6,,6.6,,250858.564,,24.654,,265473.9,i,26.09,i,51.4,,5.1,,10175214.0,,94969.444,,9333.41,,250858564.0,265473900.00000003,51400000.0,5.1,94969444.0,9.33341,24.65388580525186,26.090252254154066,5.051490808940234,9.33340999019775,55463166.0,,5.450810764274835
SE,2019,6.4,,6.4,,263324.558,,25.618,,267455.7,i,26.02,i,50.2,,4.9,,10278887.0,,88253.846,,8585.934,,263324558.00000003,267455700.0,50200000.0,4.9,88253846.0,8.585934,25.618002999741122,26.019908575704743,4.88379724380665,8.58593406075969,54188892.0,,5.2718637727995254
SE,2020,6.9,,6.9,,251744.999,,24.315,,255464.2,i,24.674,i,46.0,,4.4,,10353442.0,,78628.606,,7594.441,,251744999.0,255464200.0,46000000.0,4.4,78628606.0,7.594441,24.31510206943739,24.674325697676192,4.442966889658531,7.594441153000132,48659822.0,,4.699869087014734
SE,2021,9.5,,9.5,,257778.21,,24.749,,264398.9,i,25.384,i,47.7,,4.6,,10415811.0,,82702.038,,7940.048,,257778210.0,264398900.00000003,47700000.0,4.6,82702038.0,7.940048,24.74874112059061,25.38437957447577,4.5795761847061165,7.940047875292668,50681448.0,,4.86581870581177
SE,2022,12.1,,12.1,,255339.376,,24.348,,261858.2,i,24.97,i,45.2,,4.3,,10486941.0,,81132.632,,7736.539,,255339376.0,261858200.0,45200000.0,4.3,81132632.0,7.736539,24.34831816065333,24.969931651184076,4.310122465645606,7.736539377879593,49491947.0,,4.719388332593843
SE,2023,10.1,,10.1,,232888.312,,22.103,,234597.7,i,22.265,i,44.2,,4.2,,10536632.0,,72954.641,,6923.905,,232888312.0,234597700.0,44200000.0,4.2,72954641.0,6.9239049999999995,22.102728082370152,22.264960947672844,4.194888841140129,6.9239051909566545,48753476.0,,4.627045530298486
SI,2010,5.9,,5.9,,32974.695,,16.096,,38538.164,,18.812,,19.8,,9.7,,2048583.0,,24307.045,,11865.297,,32974695.0,38538164.0,19800000.0,9.7,24307045.0,11.865297,16.096343179651495,18.81210768614208,9.665217372203127,11.865296646511272,18907303.0,,9.229454212985269
SI,2011,7.6,,7.6,,29638.831,,14.438,,36773.757,,17.914,,19.7,,9.6,,2052843.0,,23835.247,,11610.848,,29638831.0,36773757.0,19700000.0,9.6,23835247.0,11.610848,14.437943379011449,17.91357497870027,9.596447463347173,11.610847492964634,18425803.0,,8.975748754288565
SI,2012,9.4,,9.4,,25639.544,,12.464,,32208.285,,15.657,,19.1,,9.3,,2057159.0,,21634.784,,10516.826,,25639544.0,32208285.0,19100000.0,9.3,21634784.0,10.516826,12.463569417823319,15.656682346867695,9.284649363515411,10.516826361015362,17529536.0,,8.52123535419479
SI,2013,9.3,,9.3,,25158.738,,12.213,,32537.102,,15.795,,18.4,,8.9,,2059953.0,,21374.458,,10376.187,,25158738.0,32537102.0,18400000.0,8.9,21374458.0,10.376187,12.213258263659414,15.79507008169604,8.932242628836677,10.376187223689085,17102615.0,,8.302429715629435
SI,2014,8.5,,8.5,,27097.773,,13.142,,34429.669,,16.697,,16.7,,8.1,,2061980.0,,20229.93,,9810.925,,27097773.0,34429669.0,16700000.0,8.1,20229930.0,9.810925,13.141627464863868,16.697382612828445,8.099011629598735,9.81092445125559,15522546.0,,7.527980872753373
SI,2015,8.6,,8.6,,27509.474,,13.331,,32792.933,,15.892,,16.9,,8.2,,2063531.0,,19701.25,,9547.349,,27509474.0,32792932.999999996,16900000.0,8.2,19701250.0,9.547349,13.331262772403225,15.891659975062161,8.189845463915978,9.547348695028086,16131595.0,,7.817471605708856
SI,2016,8.7,,8.7,,26452.457,,12.81,,32484.461,,15.731,,17.8,,8.6,,2065042.0,,19906.654,,9639.83,,26452457.0,32484461.0,17800000.0,8.6,19906654.0,9.63983,12.809646002357336,15.730653904375794,8.619679406036294,9.639830085780337,16926504.0,,8.196687524999492
SI,2017,9.8,,9.8,,27013.321,,13.073,,33229.034,,16.081,,17.9,,8.7,,2066388.0,,20578.6,,9958.73,,27013321.0,33229034.0,17900000.0,8.7,20578600.0,9.95873,13.072724483494872,16.080733144017483,8.662458357288177,9.958729919066506,17048819.0,,8.250541040695165
SI,2018,10.1,,10.1,,29791.65,,14.365,,36511.627,,17.605,,17.7,,8.6,,2073894.0,,21315.859,,10278.182,,29791650.0,36511627.0,17700000.0,8.6,21315859.0,10.278182000000001,14.365078446632277,17.605348682237377,8.534669563632471,10.278181527117587,17083465.0,,8.237385806603424
SI,2019,10.2,,10.2,,28319.886,,13.561,,34065.266,,16.312,,17.2,,8.3,,2088385.0,,21236.738,,10168.977,,28319886.0,34065266.0,17200000.0,8.3,21236738.0,10.168977000000002,13.560663383427864,16.31177488825097,8.236029276211044,10.168976505768812,16859979.0,,8.073213990715313
SI,2020,9.9,,9.9,,27571.186,,13.114,,30992.896,,14.742,,16.0,,7.6,,2102419.0,,19420.804,,9237.361,,27571186.0,30992896.0,16000000.0,7.6,19420804.0,9.237361000000002,13.114030076782981,14.741541053424651,7.610281299778969,9.237361344242037,15819769.0,,7.52455576172019
SI,2021,8.9,,8.9,,29866.612,,14.168,,37365.542,,17.725,,16.1,,7.7,,2108079.0,,20259.181,,9610.257,,29866612.0,37365542.0,16100000.000000002,7.7,20259181.0,9.610256999999999,14.16769105901629,17.72492491979665,7.637284940460012,9.610257015984695,15687430.0,,7.441575956119292
SI,2022,8.2,,8.2,,31223.608,,14.783,,38558.505,,18.256,,15.7,,7.4,,2112076.0,,21335.021,,10101.446,,31223608.0,38558505.0,15700000.0,7.4,21335021.0,10.101446,14.783373325581087,18.256210950742304,7.433444629833396,10.10144568661355,14832239.0,,7.022587728850667
SI,2023,9.9,,9.9,,31430.246,,14.822,,36134.595,,17.041,,14.9,,7.0,,2120461.0,,20054.991,,9457.845,,31430246.0,36134595.0,14900000.0,7.0,20054991.0,9.457844999999999,14.822364570723064,17.040914687890982,7.026773894921906,9.457844779979448,14513519.0,,6.844511169976717
SK,2010,5.0,,5.0,,71762.537,,13.31,,76455.84,i,14.181,i,47.1,,8.7,,5391428.0,,50486.825,,9364.277,,71762537.0,76455840.0,47100000.0,8.7,50486825.0,9.364277,13.310487870745932,14.180999913195539,8.73608995613036,9.364276959647796,45520923.0,,8.443203359110054
SK,2011,4.7,,4.7,,72649.548,,13.458,,76407.07,i,14.154,i,45.6,,8.4,,5398384.0,,46826.096,,8674.095,,72649548.0,76407070.0,45600000.0,8.4,46826096.0,8.674095,13.457647325570022,14.153693031099678,8.446972279111675,8.674095062522413,44417882.0,,8.227996007694154
SK,2012,4.0,,4.0,,64131.402,,11.86,,64724.37,i,11.969,i,43.2,,8.0,,5407579.0,,42788.696,,7912.727,,64131402.0,64724370.0,43200000.0,8.0,42788696.0,7.912727,11.85954047088355,11.969195456968821,7.988787588678778,7.912726933809012,42048798.0,,7.775900823640302
SK,2013,4.5,,4.5,,61752.581,,11.407,,65012.2,i,12.01,i,43.1,,8.0,,5413393.0,,43107.971,,7963.207,,61752581.0,65012200.0,43100000.0,8.0,43107971.0,7.963207000000001,11.407370756196714,12.009510486306832,7.9617349045229115,7.963207363662679,41722230.0,,7.707223547228144
SK,2014,4.8,,4.8,,67910.126,,12.533,,74131.39,i,13.681,i,41.1,,7.6,,5418649.0,,42527.642,,7848.385,,67910126.0,74131390.0,41100000.0,7.6,42527642.0,7.848385,12.532667460099372,13.68078832934187,7.584916461649389,7.848384717297614,39721473.0,,7.330512273446757
SK,2015,5.0,,5.0,,67702.236,,12.482,,78177.42,i,14.414,i,41.4,,7.6,,5423801.0,,43292.702,,7981.986,,67702236.0,78177420.0,41400000.0,7.6,43292702.0,7.981986,12.482433629109918,14.413769974230249,7.633023409229063,7.9819856960091276,40496705.0,,7.466480610184629
SK,2016,5.2,,5.2,,67322.112,,12.396,,79978.66,i,14.727,i,42.3,,7.8,,5430798.0,,42641.51,,7851.795,,67322112.0,79978660.0,42300000.0,7.8,42641510.0,7.851795,12.39635722043059,14.726870710344961,7.788910579992112,7.8517945244879295,41050754.0,,7.5588806654197045
SK,2017,4.9,,4.9,,69544.966,,12.786,,81851.12,i,15.048,i,43.2,,8.0,,5439232.0,,43008.157,,7907.028,,69544966.0,81851120.0,43200000.0,8.0,43008157.0,7.907028,12.785806157928178,15.048286228644043,7.942297736150986,7.907027499470513,42194203.0,,7.757382476055443
SK,2018,4.7,,4.7,,73541.384,,13.502,,80241.39,i,14.732,i,42.9,,7.9,,5446771.0,,46379.106,,8514.973,,73541384.0,80241390.0,42900000.0,7.9,46379106.0,8.514973,13.50183145206582,14.731919149896333,7.876226116354075,8.514972632409183,42057526.0,,7.721552090220059
SK,2019,8.3,,8.3,,66982.545,,12.281,,75416.0,i,13.827,i,40.4,,7.4,,5454147.0,,45173.289,,8282.375,,66982545.0,75416000.0,40400000.0,7.4,45173289.0,8.282375,12.281030379269206,13.827276749233198,7.407207763193768,8.28237467747019,39713963.0,,7.281425124772031
SK,2020,10.3,,10.3,,64800.855,,11.871,,70210.66,i,12.862,i,37.7,,6.9,,5458827.0,,42467.106,,7779.53,,64800855.0,70210660.0,37700000.0,6.9,42467106.0,7.77953,11.870838735134855,12.861858417568463,6.906245609175744,7.779529558273233,36972545.0,,6.772983463297152
SK,2021,10.4,,10.4,,65571.0,,12.037,,70133.75,i,12.875,i,41.4,,7.6,,5447247.0,,45520.089,,8356.531,,65571000.0,70133750.0,41400000.0,7.6,45520089.0,8.356531,12.037456718962808,12.875081669694802,7.600169406674601,8.356531106446981,40938259.0,,7.515403468944955
SK,2022,11.5,,11.5,,61432.175,,11.31,,83228.09,i,15.323,i,37.2,,6.8,,5431752.0,,48422.502,,8914.712,,61432175.0,83228090.0,37200000.0,6.8,48422502.0,8.914712,11.309826921405838,15.322512883504254,6.848619009115291,8.91471149640116,36898181.0,,6.793053327913351
SK,2023,10.6,,10.6,,60852.673,,11.213,,83320.78,i,15.354,i,36.7,,6.8,,5426740.0,,41960.476,,7732.17,,60852673.0,83320780.0,36700000.0,6.8,41960476.0,7.73217,11.213485997117974,15.35374460541688,6.762807873603673,7.732169958391226,36132512.0,,6.658235330972186
